id,Vaihe,Onko julkinen,Projektityyppi,Vastuullinen johtaja,Proj. muokkausoikeudet,Nimike,Yksikkö,Muut yksiköt,Tiedekunta,Päärahoittaja,Rah. org. tyyppi,Rahoitusohjelma,Projektin nimi (en),Projektin nimi (fi),Projektin nimi (SAP),Työnimi,Akronyymi,Verkkosivut,Strat. painopiste(et),Profilointiala(t),Nouseva(t) ala(t),Omarahoitus,Ulkopuolinen rahoitus,Päärahoittajalta saatu osuus,Kokonaisrahoitus,ALV-käsittely,Rahoituspäätöksen pvm,Alkupvm,Loppupvm,Tal. alkupvm,Tal. loppupvm,JY-projektinumero,Onko konsortio,Onko JY koordinaattori,Konsortion jäsenet,Konsortion kuvaus,Dyn. asianumero,Rah. nro,Hankesihteeri(t),Lyhyt kuvaus,Henkilötietoja,Salassa pidettävää tietoa,Seurantakohteet,Rahoittajaryhmä,Muut rahoittajat,Partnerit,SAP-projektilaji,Toimintoalue,Jatkuvan oppimisen hanke
7408477,7A. Suljettu (julkinen),Yes,jyu_project,"Kiuru, Noona",,Yliopistotutkija,Psykologian laitos,,Kasvatustieteiden ja psykologian tiedekunta,Keski-Suomen rahasto,"Muu ulkopuolinen (kotimaiset rahastot ja säätiöt, yhdistykset, yhteisöt)",Säätiö (Rahoitusohjelmat),A new mobile-based intervention Youth Compass to promote adolescent well-being and lifecontrol: An effectiveness study,Nuorten hyvinvointia ja elämänhallintaa edistävän mobiilisovelluksen Nuorten KOMPASSIN vaikuttavuustutkimukseen,Nuorten hyvinvointia ja elämänhallintaa,KOMPASSI,,,"Oppiminen, opetus ja vuorovaikutus",Hyvinvoinnin tutkimuksen yhteisö; Monitieteinen oppimisen ja opetuksen tutkimus,Monitieteinen aivotutkimus,0,40000,40000,40000,rahoittaja_korvaa,9/1/2017,9/1/2017,12/31/2019,9/1/2017,12/31/2019,2100003907,"Konsortio, JYU osallistuja",No,,,430/13.00.00.00/2017,,"Naumanen, Lea","Nuorten hyvinvointia ja elämänhallintaa edistävän mobiilisovelluksen Nuorten<br />KOMPASSIN vaikuttavuustutkimukseen; Kiuru, Noona - Psykologian laitos, Keski-Suomen rahasto, 01.09.2017-31.12.2019, 7A. Suljettu (julkinen)",No value,No value,Hyvinvoinnin tutkimuksen yhteisö; Monitieteinen aivotutkimuskeskus; Monitieteinen oppimisen ja opetuksen tutkimus,00/KOTIRAHASTOSÄÄTIO (Kotimaiset rahastot ja säätiöt),,,YH Yhteisrahoitteinen,22 - Muu tutkimus,
13458770,7A. Suljettu (julkinen),Yes,jyu_project,"Neittaanmäki, Pekka","Keppo, Joonas",Professori,Informaatioteknologian tiedekunta,,Informaatioteknologian tiedekunta,Business Finland,Business Finland,"Muut, Business Finland (Business Finland)",AI-based mental health applications,Tekoälysovellukset mielenterveyden tukena,Tekoälysovellukset mielenterveyden tuken,,,,Informaatioteknologia ja ihminen tietoyhteiskunnassa; Luonnon perusilmiöt ja matemaattinen ajattelu,Fyysinen aktiivisuus eliniän aikana; Hyvinvoinnin tutkimuksen yhteisö; Päätöksen teko monitavoitteisesti,Laskennallinen ajattelu ja Big data -analytiikka; Monitieteinen aivotutkimus,40000,60000,60000,100000,rahoittaja_korvaa,3/8/2019,4/1/2019,2/15/2020,4/1/2019,6/30/2020,2100004452,Ei konsortio,,,,1517/13.00.00.00/2018,869/31/2019,"Hakala, Lea","Tekoälysovellukset mielenterveyden tukena; Neittaanmäki, Pekka - Informaatioteknologian tiedekunta, Business Finland (869/31/2019), 01.04.2019-15.02.2020, 7A. Suljettu (julkinen)",No,No,Fyysinen aktiivisuus eliniän aikana; Hyvinvoinnin tutkimuksen yhteisö; Monitieteinen aivotutkimuskeskus; Päätöksen teko monitavoitteisesti,00/BUSINESS FINLAND,,,YH Yhteisrahoitteinen,22 - Muu tutkimus,
144258625,3A. Käynnissä (julkinen),Yes,jyu_project,"Karhulahti, Veli-Matti",,Yliopistotutkija,"Musiikin, taiteen ja kulttuurin tutkimuksen laitos",,Humanistis-yhteiskuntatieteellinen tiedekunta,Euroopan komissio,EU,"ERC Starting Grant, HE (2021-2027) (ERC European Research Council,...)",An Ontological Reconstruction of Gaming Disorder: A Qualitative Meta-Phenomenological Foundation,An Ontological Reconstruction of Gaming Disorder: A Qualitative Meta-Phenomenological Foundation,ORE An Ontological Reconstruction of Gam,,ORE,,"Informaatioteknologia ja ihminen tietoyhteiskunnassa; Liikunta, terveys ja hyvinvointi",Aivojen muutokset elinkaaren aikana; Fyysinen aktiivisuus eliniän aikana; Hyvinvoinnin tutkimuksen yhteisö,Monitieteinen aivotutkimus,0,1986992,1986992,1986992,rahoittaja_korvaa,5/9/2022,6/1/2022,5/31/2027,6/1/2022,,2100005509,"Konsortio, JYU on koordinaattori",Yes,,,468/13.00.02.00/2021,101042052,"Koponen, Hanna-Mari","An Ontological Reconstruction of Gaming Disorder: A Qualitative Meta-Phenomenological Foundation (ORE); Karhulahti, Veli-Matti - Musiikin, taiteen ja kulttuurin tutkimuksen laitos, Euroopan komissio (101042052), 01.06.2022-31.05.2027, 3A. Käynnissä (julkinen)",Yes,No,Aivojen muutokset elinkaaren aikana; Fyysinen aktiivisuus eliniän aikana; Hyvinvoinnin tutkimuksen yhteisö; Nykykulttuurin tutkimus,"00/EUROOPANKOMISSIO (EU, Euroopan Komissio)",,IT University of Copenhagen; Prešovská univerzita v Prešove; Yonsei University,YH Yhteisrahoitteinen,22 - Muu tutkimus,
30699266,6A. Arkistoitavien aineistojen kokoaminen (julkinen),Yes,jyu_project,"Fenyvesi, Kristof","Kankaanranta, Marja",Tutkijatohtori,Koulutuksen tutkimuslaitos,,Jyväskylän yliopisto,Opetus- ja kulttuuriministeriö,Ministeriöt,Muut (Rahoitusohjelmat),Assessment of extensive knowledge in formal and informal learning situations,Laaja-alaisen osaamisen arviointi formaaleissa ja informaaleissa oppimistilanteissa,Laaja-alaisen osaamisen arviointi formaa,,,,"Informaatioteknologia ja ihminen tietoyhteiskunnassa; Luonnon perusilmiöt ja matemaattinen ajattelu; Oppiminen, opetus ja vuorovaikutus",Aivojen muutokset elinkaaren aikana; Hyvinvoinnin tutkimuksen yhteisö; Monitieteinen oppimisen ja opetuksen tutkimus,Laskennallinen ajattelu ja Big data -analytiikka; Monitieteinen aivotutkimus; Pedagogiikka ja digitaalisuus,14244,128266,128266,142510,okm,6/21/2018,9/1/2018,8/31/2021,5/1/2019,12/31/2021,2100004509,"Konsortio, JYU osallistuja",No,Helsingin yliopisto; Tampereen yliopisto,"Konsortion budjetti yhteensä 850 000 euroa, josta ministeriön osuus 765000,00 euroa.",190/13.00.00.00/2019,OKM/68/592/2018,"Mannila, Seija","Laaja-alaisen osaamisen arviointi formaaleissa ja informaaleissa oppimistilanteissa; Fenyvesi, Kristof - Koulutuksen tutkimuslaitos, Opetus- ja kulttuuriministeriö (OKM/68/592/2018), 01.09.2018-31.08.2021, 6A. Arkistoitavien aineistojen kokoaminen (julkinen)",Yes,No,"Aivojen muutokset elinkaaren aikana; Hyvinvoinnin tutkimuksen yhteisö; Monitieteinen aivotutkimuskeskus; Monitieteinen oppimisen ja opetuksen tutkimus; Opettajien koulutuksen tutkimus (opetus, oppiminen, opettajuus, oppimispolut, koulutus)",00/OKM (Opetus- ja kulttuuriministeriö),,,YH Yhteisrahoitteinen,22 - Muu tutkimus,
97933190,3A. Käynnissä (julkinen),Yes,jyu_project,"Kujala, Miiamaaria",,Yliopistotutkija,Psykologian laitos,,Kasvatustieteiden ja psykologian tiedekunta,Suomen Akatemia,Suomen Akatemia,"Akatemiatutkijan tutkimuskulut, SA (Suomen Akatemia)",BEST: Human's best friend - The emotional synchrony of human-dog social interaction (1),BEST: Ihmisen paras ystävä - Koiran ja ihmisen vuorovaikutuksen emotionaalinen synkronia,BEST: Ihmisen paras ystävä - Koiran ja i,,BEST2,,"Kieli, kulttuuri ja yhteiskunta; Liikunta, terveys ja hyvinvointi; Oppiminen, opetus ja vuorovaikutus",Aivojen muutokset elinkaaren aikana,Monitieteinen aivotutkimus,61845,144305,144305,206150,rahoittaja_korvaa,6/11/2021,9/1/2021,12/31/2024,9/1/2021,,2100005220,"Konsortio, JYU on koordinaattori",Yes,,,976/13.00.00.00/2021,346430,"Kokkila, Pauliina","BEST: Ihmisen paras ystävä - Koiran ja ihmisen vuorovaikutuksen emotionaalinen synkronia (BEST2); Kujala, Miiamaaria - Psykologian laitos, Suomen Akatemia (346430), 01.09.2021-31.12.2024, 3A. Käynnissä (julkinen)",Yes,Yes,"Aivojen muutokset elinkaaren aikana; Opettajien koulutuksen tutkimus (opetus, oppiminen, opettajuus, oppimispolut, koulutus)",00/SUOMENAKATEMIA (Suomen Akatemia),,,YH Yhteisrahoitteinen,22 - Muu tutkimus,
213526789,3A. Käynnissä (julkinen),Yes,jyu_project,"Kujala, Miiamaaria",,Yliopistotutkija,Psykologian laitos,,Kasvatustieteiden ja psykologian tiedekunta,Suomen Akatemia,Suomen Akatemia,"Akatemiatutkijan tutkimuskulut, SA (Suomen Akatemia)",BEST: Human's best friend - The emotional synchrony of human-dog social interaction (2),BEST: Ihmisen paras ystävä - Koiran ja ihmisen vuorovaikutuksen emotionaalinen synkronia,BEST: Ihmisen paras ystävä - Koiran ja/2,,BEST2,,"Kieli, kulttuuri ja yhteiskunta; Liikunta, terveys ja hyvinvointi; Oppiminen, opetus ja vuorovaikutus",Aivojen muutokset elinkaaren aikana; Hyvinvoinnin tutkimuksen yhteisö,Monitieteinen aivotutkimus,40671,94898,94898,135569,rahoittaja_korvaa,2/16/2024,5/1/2024,8/31/2026,5/1/2024,,2100006253,Ei konsortio,,,,976/13.00.00.00/2021,362484,"Kokkila, Pauliina","BEST: Ihmisen paras ystävä - Koiran ja ihmisen vuorovaikutuksen emotionaalinen synkronia (BEST2); Kujala, Miiamaaria - Psykologian laitos, Suomen Akatemia (362484), 01.05.2024-31.08.2026, 3A. Käynnissä (julkinen)",Yes,Yes,"Aivojen muutokset elinkaaren aikana; Hyvinvoinnin tutkimuksen yhteisö; Kieli, kulttuuri ja yhteiskunta; Liikunta, terveys ja hyvinvointi; Oppiminen, opetus ja vuorovaikutus",00/SUOMENAKATEMIA (Suomen Akatemia),,,YH Yhteisrahoitteinen,22 - Muu tutkimus,
97933524,3A. Käynnissä (julkinen),Yes,jyu_project,"Kujala, Miiamaaria",,Yliopistotutkija,Psykologian laitos,,Kasvatustieteiden ja psykologian tiedekunta,Suomen Akatemia,Suomen Akatemia,"Akatemiatutkija, SA (Suomen Akatemia)",BEST: Human’s best friend - The emotional synchrony of human-dog social interaction (3),BEST: Ihmisen paras ystävä - Koiran ja ihmisen vuorovaikutuksen emotionaalinen synkronia,Akatemiatutkija Kujala Miiamaaria,,BEST,,"Kieli, kulttuuri ja yhteiskunta; Liikunta, terveys ja hyvinvointi; Oppiminen, opetus ja vuorovaikutus",Aivojen muutokset elinkaaren aikana,Monitieteinen aivotutkimus,0,447650,447650,447650,rahoittaja_korvaa,5/10/2021,9/1/2021,8/31/2026,9/1/2021,,2100005219,Ei konsortio,,,,1391/13.00.00.00/2020,341092,"Kokkila, Pauliina","BEST: Ihmisen paras ystävä - Koiran ja ihmisen vuorovaikutuksen emotionaalinen synkronia (BEST); Kujala, Miiamaaria - Psykologian laitos, Suomen Akatemia (341092), 01.09.2021-31.08.2026, 3A. Käynnissä (julkinen)",Yes,Yes,"Aivojen muutokset elinkaaren aikana; Opettajien koulutuksen tutkimus (opetus, oppiminen, opettajuus, oppimispolut, koulutus)",00/SUOMENAKATEMIA (Suomen Akatemia),,,YH Yhteisrahoitteinen,22 - Muu tutkimus,
97555653,7A. Suljettu (julkinen),Yes,jyu_project,"Parviainen, Tiina","Tuomola, Anniina",Apulaisprofessori,Psykologian laitos,,Kasvatustieteiden ja psykologian tiedekunta,Business Finland,Business Finland,"Co-Creation, BF (Business Finland)",Biofeedback system based on autonomic and central nervous system signals in the treatment of neuropsychiatric disorders,"Neurofeedback, JYU","Neurofeedback, JYU",,,,"Liikunta, terveys ja hyvinvointi",Aivojen muutokset elinkaaren aikana; Hyvinvoinnin tutkimuksen yhteisö,Monitieteinen aivotutkimus,23866,35600,35600,59466,rahoittaja_korvaa,6/2/2021,8/1/2021,12/31/2022,8/1/2021,12/31/2022,2100005198,"Konsortio, JYU on koordinaattori",Yes,Helsingin yliopisto,Konsortiolle haettava rahoitus on yhteensä enintään 100 000 euroa.,636/13.00.00.00/2021,3457/31/2021,"Kokkila, Pauliina","Neurofeedback, JYU; Parviainen, Tiina - Psykologian laitos, Business Finland (3457/31/2021), 01.08.2021-31.12.2022, 7A. Suljettu (julkinen)",Yes,No,Aivojen muutokset elinkaaren aikana; Hyvinvoinnin tutkimuksen yhteisö; Monitieteinen aivotutkimuskeskus; Psykologia,00/BUSINESS FINLAND,,Aalto-yliopisto (AYO); Helsingin yliopisto; Neubit Oy; Teknologian tutkimuskeskus VTT Oy,YH Yhteisrahoitteinen,22 - Muu tutkimus,
104595015,3A. Käynnissä (julkinen),Yes,jyu_project,"Haapala, Eero",,Yliopistonlehtori,Liikuntatieteellinen tiedekunta,,Liikuntatieteellinen tiedekunta,Juho Vainion Säätiö,"Muu ulkopuolinen (kotimaiset rahastot ja säätiöt, yhdistykset, yhteisöt)",Säätiö (Rahoitusohjelmat),Brain Effects of Physical Activity and Nutrition in Children and adolescents,Lasten ja nuorten liikunnan ravitsemuksen merkitys aivojen terveydelle,"Lasten ja nuorten liikunnan, paikallaan",,BrainPANIC,,"Liikunta, terveys ja hyvinvointi",Aivojen muutokset elinkaaren aikana,,0,103000,103000,103000,rahoittaja_korvaa,12/8/2021,2/1/2022,12/31/2024,3/1/2022,,2100005450,Ei konsortio,,,,213/13.00.00.00/2022,202200238,"Qvintus, Anneli","Lasten ja nuorten liikunnan ravitsemuksen merkitys aivojen terveydelle (BrainPANIC); Haapala, Eero - Liikuntatieteellinen tiedekunta, Juho Vainion Säätiö (202200238), 01.02.2022-31.12.2024, 3A. Käynnissä (julkinen)",Yes,No,Aivojen muutokset elinkaaren aikana; Liikuntalääketiede,00/KOTIRAHASTOSÄÄTIO (Kotimaiset rahastot ja säätiöt),,,YH Yhteisrahoitteinen,22 - Muu tutkimus,
12652534,7A. Suljettu (julkinen),Yes,jyu_project,"Parviainen, Tiina",,Yliopistotutkija,Psykologian laitos,,Kasvatustieteiden ja psykologian tiedekunta,Keski-Suomen liitto,"Muu julkinen (ELY-keskukset, kunnat ja kuntayhtymät, kehittämisyhtiöt)",Muut (Rahoitusohjelmat),Brain waves of Sports,Liikunnan aivoaallot,Liikunnan aivoaallot,,AivoAalto,,"Liikunta, terveys ja hyvinvointi",Aivojen muutokset elinkaaren aikana; Fyysinen aktiivisuus eliniän aikana; Hyvinvoinnin tutkimuksen yhteisö,Monitieteinen aivotutkimus,7080,16520,16520,23600,rahoittaja_korvaa,10/16/2018,10/1/2018,3/31/2019,10/1/2018,9/30/2019,2100004343,Ei konsortio,,,,1318/13.00.00.00/2018,KSL/200/04.03.02.00/2018,"Naumanen, Lea; Julin, Satu","Liikunnan aivoaallot (AivoAalto); Parviainen, Tiina - Psykologian laitos, Keski-Suomen liitto (KSL/200/04.03.02.00/2018), 01.10.2018-31.03.2019, 7A. Suljettu (julkinen)",Yes,Yes,Aivojen muutokset elinkaaren aikana; Fyysinen aktiivisuus eliniän aikana; Hyvinvoinnin tutkimuksen yhteisö; Monitieteinen aivotutkimuskeskus,00/MAAKUNTALIITOT (Maakuntaliitot),,,YH Yhteisrahoitteinen,22 - Muu tutkimus,
183611569,3A. Käynnissä (julkinen),Yes,jyu_project,"Nokia, Miriam",,Akatemiatutkija,Psykologian laitos,,Kasvatustieteiden ja psykologian tiedekunta,Suomen Akatemia,Suomen Akatemia,"Akatemiahanke, SA (Suomen Akatemia)",Brain-wide memory consolidation in sleep studied with simultaneous electrophysiology and ultra-quiet zero-echo time fMRI,Unenaikainen muistiinpainaminen aivoissa sähköfysiologialla ja samanaikaisella nollakaikuajan äänettömällä funktionaalisella magneettikuvauksella tutkittuna,Unenaikainen muistiinpainaminen aivoissa,,mecofMRI,,"Liikunta, terveys ja hyvinvointi; Luonnon perusilmiöt ja matemaattinen ajattelu; Oppiminen, opetus ja vuorovaikutus","Hyvinvoinnin tutkimuksen yhteisö; Käyttäytymisen muutos, hyvinvointi ja terveys elämänkulussa",,128568,300000,300000,428568,rahoittaja_korvaa,5/30/2023,9/1/2023,8/31/2027,9/1/2023,,2100005924,"Konsortio, JYU osallistuja",,,"Konsortion toinen osapuoli on Olli Gröhn, UEF, AIVI (Kuopio)",844/13.00.00.00/2023,355392,"Kokkila, Pauliina","Unenaikainen muistiinpainaminen aivoissa sähköfysiologialla ja samanaikaisella nollakaikuajan äänettömällä funktionaalisella magneettikuvauksella tutkittuna (mecofMRI); Nokia, Miriam - Psykologian laitos, Suomen Akatemia (355392), 01.09.2023-31.08.2027, 3A. Käynnissä (julkinen)",No,No,"Hyvinvoinnin tutkimuksen yhteisö; Käyttäytymisen muutos, hyvinvointi ja terveys elämänkulussa; Liikunta, terveys ja hyvinvointi; Monitieteinen aivotutkimuskeskus; Oppiminen, opetus ja vuorovaikutus; Psykologia",00/SUOMENAKATEMIA (Suomen Akatemia),,,YH Yhteisrahoitteinen,22 - Muu tutkimus,
30980300,6A. Arkistoitavien aineistojen kokoaminen (julkinen),Yes,jyu_project,"Suni, Minna",,Professori,Kieli- ja viestintätieteiden laitos,,Humanistis-yhteiskuntatieteellinen tiedekunta,Suomen Akatemia,Suomen Akatemia,"Akatemiahanke, SA (Suomen Akatemia)",Building blocks: Developing second language resources for working life,Työelämässä tarvittavien toisen kielen resurssien rakentuminen,Työelämässä tarvittavien toisen kielen r,,,,"Kieli, kulttuuri ja yhteiskunta; Oppiminen, opetus ja vuorovaikutus",Hyvinvoinnin tutkimuksen yhteisö; Monitieteinen oppimisen ja opetuksen tutkimus; Soveltava kielentutkimus (profilointiala),Monitieteinen aivotutkimus; Monitieteinen kriisien ja yhteiskunnan muutosten tutkimus; Pedagogiikka ja digitaalisuus,205715,480000,480000,685715,rahoittaja_korvaa,5/24/2019,9/1/2019,8/31/2023,9/1/2019,12/31/2023,2100004583,Ei konsortio,,,,802/13.00.00.00/2019 ja 1140/13.00.00.00/2019,323114,"Ström, Anni","Työelämässä tarvittavien toisen kielen resurssien rakentuminen; Suni, Minna - Kieli- ja viestintätieteiden laitos, Suomen Akatemia (323114), 01.09.2019-31.08.2023, 6A. Arkistoitavien aineistojen kokoaminen (julkinen)",Yes,No,"Hyvinvoinnin tutkimuksen yhteisö; Monitieteinen aivotutkimuskeskus; Monitieteinen oppimisen ja opetuksen tutkimus; Opettajien koulutuksen tutkimus (opetus, oppiminen, opettajuus, oppimispolut, koulutus); Soveltava kielentutkimus (profilointiala)",00/SUOMENAKATEMIA (Suomen Akatemia),,,YH Yhteisrahoitteinen,22 - Muu tutkimus,
35871215,6A. Arkistoitavien aineistojen kokoaminen (julkinen),Yes,jyu_project,"Tuuri, Kai","Koskimaa, Raine",Yliopistotutkija,"Musiikin, taiteen ja kulttuurin tutkimuksen laitos",,Humanistis-yhteiskuntatieteellinen tiedekunta,Business Finland,Business Finland,"Muut, Business Finland (Business Finland)","CREDU, Creating novel technologies of scalable and empowering learning","CREDU, Creating novel technologies of scalable and empowering learning","CREDU, Creating novel technologies of sc",,,,"Informaatioteknologia ja ihminen tietoyhteiskunnassa; Oppiminen, opetus ja vuorovaikutus",Hyvinvoinnin tutkimuksen yhteisö; Monitieteinen oppimisen ja opetuksen tutkimus,Monitieteinen aivotutkimus; Pedagogiikka ja digitaalisuus,149572,348980,348980,498552,rahoittaja_korvaa,5/29/2020,4/1/2020,11/30/2022,5/1/2020,9/30/2023,2100004851,"Konsortio, JYU osallistuja",No,Helsingin yliopisto,Helsingin yliopiston ja Jyväskylän yliopiston lisäksi konsortion osatoteuttajia (omilla tutkimus- & tuotekehityshankkeillaan) ovat:  - Reaktor - JKMM Architects - Wörks - Fondia - Rockway,316/13.00.00.00/2020,9214/31/2019,"Nousiainen, Johanna","CREDU, Creating novel technologies of scalable and empowering learning; Tuuri, Kai - Musiikin, taiteen ja kulttuurin tutkimuksen laitos, Business Finland (9214/31/2019), 01.04.2020-30.11.2022, 6A. Arkistoitavien aineistojen kokoaminen (julkinen)",Yes,Yes,"Hyvinvoinnin tutkimuksen yhteisö; Monitieteinen aivotutkimuskeskus; Monitieteinen oppimisen ja opetuksen tutkimus; Opettajien koulutuksen tutkimus (opetus, oppiminen, opettajuus, oppimispolut, koulutus)",00/BUSINESS FINLAND,,,YH Yhteisrahoitteinen,22 - Muu tutkimus,
9077927,6A. Arkistoitavien aineistojen kokoaminen (julkinen),Yes,jyu_project,"Penttonen, Markku","Nokia, Miriam",Yliopistotutkija,Psykologian laitos,,Kasvatustieteiden ja psykologian tiedekunta,Suomen Akatemia,Suomen Akatemia,"Akatemiahanke, SA (Suomen Akatemia)",Dentate gyrus - the gateway to memory?,Dentate gyrus - muistin portti?,Dentate gyrus - muistin portti?,,DSpike,,"Liikunta, terveys ja hyvinvointi",Aivojen muutokset elinkaaren aikana; Hyvinvoinnin tutkimuksen yhteisö,Monitieteinen aivotutkimus,205715,480000,480000,685715,rahoittaja_korvaa,6/5/2018,9/1/2018,8/31/2022,9/1/2018,8/31/2022,2100004238,Ei konsortio,,,,1054/13.00.00.00/2017,316966,"Kokkila, Pauliina","Dentate gyrus - muistin portti? (DSpike); Penttonen, Markku - Psykologian laitos, Suomen Akatemia (316966), 01.09.2018-31.08.2022, 6A. Arkistoitavien aineistojen kokoaminen (julkinen)",No value,No value,Aivojen muutokset elinkaaren aikana; Hyvinvoinnin tutkimuksen yhteisö; Monitieteinen aivotutkimuskeskus,00/SUOMENAKATEMIA (Suomen Akatemia),,,YH Yhteisrahoitteinen,22 - Muu tutkimus,
30996988,6A. Arkistoitavien aineistojen kokoaminen (julkinen),Yes,jyu_project,"Vesisenaho, Mikko","Malinen, Anita; Mikkonen, Jarno; Silvennoinen, Minna; Parviainen, Tiina",Yliopistonlehtori,Opettajankoulutuslaitos,,Kasvatustieteiden ja psykologian tiedekunta,Pirkanmaan liitto,"Muu julkinen (ELY-keskukset, kunnat ja kuntayhtymät, kehittämisyhtiöt)","EAKR Euroopan aluekehitysrahasto, React-EU (2014-2023) (EU:n alue- ja rakennepolitiika...)",Development of teaching services ecosystem using physiological data and intelligent systems (KoKemus/DeTermine),Koulutuspalveluiden ekosysteemin kehittäminen fysiologisen mittaustiedon ja älykkäiden järjestelmien avulla,Koulutuspalveluiden ekosysteemin kehittä,,KoKemus,,"Oppiminen, opetus ja vuorovaikutus",Aivojen muutokset elinkaaren aikana; Hyvinvoinnin tutkimuksen yhteisö; Monitieteinen oppimisen ja opetuksen tutkimus,Monitieteinen aivotutkimus; Pedagogiikka ja digitaalisuus,128085,298864,298864,426949,rahoittaja_korvaa,6/28/2019,8/1/2019,6/30/2022,8/1/2019,12/31/2022,2100004587,"Konsortio, JYU on koordinaattori",Yes,Jyväskylän ammattikorkeakoulu; Pohjoisen Keski-Suomen ammattiopisto (POKE),"Consortium application / konsortiohakemus  Päätoteuttaja 1)      Jyväskylän yliopisto  Osatoteuttajat 2)      Jyväskylän ammattikorkeakoulu Oy (JAMK) budjetti 90 000 €, josta 30 % omarahoitusta 3)      Äänekosken ammatillisen koulutuksen kuntayhtymä (POKE)  budjetti 50 000 €, josta 30 % omarahoitusta  Muut yhteistyökumppanit tuovat tärkeän lisäpanoksen hankkeeseen oman työnsä ja toimintaympäristön mukaan tarjoamisella, vaikka ei ole erillistä budjettia. 4) Ilmasotakoulu  5) Valterikoulu Onerva 6) Fysioterapeutti Soanjärvi Merja Tmi 7) Patria Oyj  8) Ponsse Oyj  9) Firstbeat Technologies Oy",331/13.00.01.00/2019,A75070,"Lehtonen, Tiina","Koulutuspalveluiden ekosysteemin kehittäminen fysiologisen mittaustiedon ja älykkäiden järjestelmien avulla (KoKemus); Vesisenaho, Mikko - Opettajankoulutuslaitos, Pirkanmaan liitto (A75070), 01.08.2019-30.06.2022, 6A. Arkistoitavien aineistojen kokoaminen (julkinen)",Yes,Yes,"Aivojen muutokset elinkaaren aikana; Hyvinvoinnin tutkimuksen yhteisö; Monitieteinen aivotutkimuskeskus; Monitieteinen oppimisen ja opetuksen tutkimus; Opettajien koulutuksen tutkimus (opetus, oppiminen, opettajuus, oppimispolut, koulutus)",00/MAAKUNTALIITOT (Maakuntaliitot),,,YH Yhteisrahoitteinen,22 - Muu tutkimus,
30749576,6A. Arkistoitavien aineistojen kokoaminen (julkinen),Yes,jyu_project,"Kokko, Katja",,Tuntiopettaja,Liikuntatieteellinen tiedekunta,,Liikuntatieteellinen tiedekunta,Suomen Akatemia,Suomen Akatemia,"Akatemiahanke, SA (Suomen Akatemia)",Developmental Psychological Perspectives on Transitions at Age 60: Individuals Navigating Across the Lifespan,Elämänkaaren aikana muotoutuvat yksilölliset kehityspolut elämänsiirtymiin 60-vuotiaana:  kehityspsykologinen tutkimus,Elämänkaaren aikana muotoutuvat yksilöll,,TRAILS,,"Liikunta, terveys ja hyvinvointi",Fyysinen aktiivisuus eliniän aikana; Hyvinvoinnin tutkimuksen yhteisö,Monitieteinen aivotutkimus,204745,477745,477745,682490,rahoittaja_korvaa,5/24/2019,9/1/2019,8/31/2023,9/1/2019,8/31/2023,2100004521,Ei konsortio,,,,647/13.00.00.00/2019 ja 1731/13.00.00.00/2023,323541,"Qvintus, Anneli","Elämänkaaren aikana muotoutuvat yksilölliset kehityspolut elämänsiirtymiin 60-vuotiaana: kehityspsykologinen tutkimus (TRAILS); Kokko, Katja - Liikuntatieteellinen tiedekunta, Suomen Akatemia (323541), 01.09.2019-31.08.2023, 6A. Arkistoitavien aineistojen kokoaminen (julkinen)",Yes,Yes,Fyysinen aktiivisuus eliniän aikana; Hyvinvoinnin tutkimuksen yhteisö; Monitieteinen aivotutkimuskeskus,00/SUOMENAKATEMIA (Suomen Akatemia),,,YH Yhteisrahoitteinen,22 - Muu tutkimus,
99327710,5A. Suljettavana SAPissa (julkinen),Yes,jyu_project,"See, Erich","Pettersson, Mika",Tutkijatohtori,Kemian laitos,,Matemaattis-luonnontieteellinen tiedekunta,Suomen Akatemia,Suomen Akatemia,"Tutkijatohtori, SA (Suomen Akatemia)",Direct Laser Guiding of Neuronal Growth,Neuronaalisen kasvun suora laserohjaus,Neuronaalisen kasvun suora laserohjaus,,,,Luonnon perusilmiöt ja matemaattinen ajattelu,Nanoscience Center,Monitieteinen aivotutkimus,106565,248650,248650,355215,rahoittaja_korvaa,6/3/2021,9/1/2021,8/31/2024,9/1/2021,8/31/2024,2100005252,Ei konsortio,,,,1446/13.00.00.00/2020,343370,"Ikävalko, Tiina","Neuronaalisen kasvun suora laserohjaus; See, Erich - Kemian laitos, Suomen Akatemia (343370), 01.09.2021-31.08.2024, 5A. Suljettavana SAPissa (julkinen)",No,No,Nanoscience Center,00/SUOMENAKATEMIA (Suomen Akatemia),,Tampereen ammattikorkeakoulu,YH Yhteisrahoitteinen,22 - Muu tutkimus,
30636907,6A. Arkistoitavien aineistojen kokoaminen (julkinen),Yes,jyu_project,"Lohvansuu, Kaisa",,Tutkijatohtori,Psykologian laitos,,Kasvatustieteiden ja psykologian tiedekunta,Suomen Akatemia,Suomen Akatemia,"Tutkijatohtori, SA (Suomen Akatemia)",Dynamics and plasticity of the auditory pathway in auditory perceptual learning of speech sounds,Kuulojärjestelmän muovautuvuus puheäänten havainto-oppimisessa,Kuulojärjestelmän muovautuvuus puheäänte,,AudPath,,"Oppiminen, opetus ja vuorovaikutus",Hyvinvoinnin tutkimuksen yhteisö; Monitieteinen oppimisen ja opetuksen tutkimus,Monitieteinen aivotutkimus,103479,241450,241450,344929,rahoittaja_korvaa,4/26/2019,9/1/2019,8/31/2023,9/1/2019,8/31/2023,2100004495,Ei konsortio,,,,1051/13.00.00.00/2017,322114,"Kokkila, Pauliina","Kuulojärjestelmän muovautuvuus puheäänten havainto-oppimisessa (AudPath); Lohvansuu, Kaisa - Psykologian laitos, Suomen Akatemia (322114), 01.09.2019-31.08.2023, 6A. Arkistoitavien aineistojen kokoaminen (julkinen)",Yes,No,"Hyvinvoinnin tutkimuksen yhteisö; Monitieteinen aivotutkimuskeskus; Monitieteinen oppimisen ja opetuksen tutkimus; Opettajien koulutuksen tutkimus (opetus, oppiminen, opettajuus, oppimispolut, koulutus)",00/SUOMENAKATEMIA (Suomen Akatemia),,,YH Yhteisrahoitteinen,22 - Muu tutkimus,
104332497,6A. Arkistoitavien aineistojen kokoaminen (julkinen),Yes,jyu_project,"Piitulainen, Harri",,Apulaisprofessori,Liikuntatieteellinen tiedekunta,,Liikuntatieteellinen tiedekunta,Suomen Kulttuurirahasto,"Muu ulkopuolinen (kotimaiset rahastot ja säätiöt, yhdistykset, yhteisöt)",Säätiö (Rahoitusohjelmat),Effect of ankle injury and diabetic neuropathy to cortical proprioceptive processing,Nilkkavamman ja diabeettisen neuropatian vaikutus aivojen liikeaistin käsittelyyn ja toimintakykyyn,Nilkkavamman ja diabeettisen neuropatian,,NIVA/Neuropathy,,"Liikunta, terveys ja hyvinvointi",Aivojen muutokset elinkaaren aikana,,0,20000,20000,20000,rahoittaja_korvaa,2/1/2022,3/1/2022,12/31/2023,3/1/2022,12/31/2023,2100005441,Ei konsortio,,,,300/13.00.00.00/2022,,"Qvintus, Anneli","Nilkkavamman ja diabeettisen neuropatian vaikutus aivojen liikeaistin käsittelyyn ja toimintakykyyn (NIVA/Neuropathy); Piitulainen, Harri - Liikuntatieteellinen tiedekunta, Suomen Kulttuurirahasto, 01.03.2022-31.12.2023, 6A. Arkistoitavien aineistojen kokoaminen (julkinen)",Yes,No,Aivojen muutokset elinkaaren aikana,00/KOTIRAHASTOSÄÄTIO (Kotimaiset rahastot ja säätiöt),,,YH Yhteisrahoitteinen,22 - Muu tutkimus,
177118463,3A. Käynnissä (julkinen),Yes,jyu_project,"Piitulainen, Harri",,Apulaisprofessori,Liikuntatieteellinen tiedekunta,,Liikuntatieteellinen tiedekunta,Suomen Kulttuurirahasto,"Muu ulkopuolinen (kotimaiset rahastot ja säätiöt, yhdistykset, yhteisöt)",Muut (Rahoitusohjelmat),Feasibility of objective proprioception and spasticity assessment device in children with CP,Objektiivisten liikeaistin ja lihasjäykkyyden tutkimusmenetelmien käyttöönotto lapsilla joilla on CP-vamma,Objektiivisten liikeaistin ja lihasjäykk,,PROPRIO,,"Liikunta, terveys ja hyvinvointi; Oppiminen, opetus ja vuorovaikutus",Aivojen muutokset elinkaaren aikana; Hyvinvoinnin tutkimuksen yhteisö,,0,21000,21000,21000,rahoittaja_korvaa,1/31/2023,3/1/2023,2/28/2025,3/1/2023,,2100005795,Ei konsortio,,,,,,"Qvintus, Anneli","Objektiivisten liikeaistin ja lihasjäykkyyden tutkimusmenetelmien käyttöönotto lapsilla joilla on CP-vamma (PROPRIO); Piitulainen, Harri - Liikuntatieteellinen tiedekunta, Suomen Kulttuurirahasto, 01.03.2023-28.02.2025, 3A. Käynnissä (julkinen)",Yes,No,"Aivojen muutokset elinkaaren aikana; Hyvinvoinnin tutkimuksen yhteisö; Liikunta, terveys ja hyvinvointi",00/KOTIRAHASTOSÄÄTIO (Kotimaiset rahastot ja säätiöt),,,YH Yhteisrahoitteinen,22 - Muu tutkimus,
36053810,6A. Arkistoitavien aineistojen kokoaminen (julkinen),Yes,jyu_project,"Pekkala, Satu",,Akatemiatutkija,Liikuntatieteellinen tiedekunta,,Liikuntatieteellinen tiedekunta,Suomen Akatemia,Suomen Akatemia,"Akatemiatutkijan tutkimuskulut, SA (Suomen Akatemia)",Gut microbes and metabolic disorders – dissection of the underlying preventive and causal mechanisms and development of personalized dietary treatment strategies,Suolistomikrobisto ja aineenvaihdunnalliset sairaudet - mekanismi ehkäisyn ja sairauksien taustalla sekä personoitujen hoitomuotojen kehittäminen,Suolistomikrobisto ja aineenvaihdunnal/2,,GutMet,,"Liikunta, terveys ja hyvinvointi",Hyvinvoinnin tutkimuksen yhteisö,Monitieteinen aivotutkimus,85647,199847,199847,285494,rahoittaja_korvaa,6/12/2020,9/1/2020,8/31/2022,9/1/2020,8/31/2022,2100004889,Ei konsortio,,,,580/13.00.00.00/2017,335802,"Qvintus, Anneli; Hyvönen, Jonna","Suolistomikrobisto ja aineenvaihdunnalliset sairaudet - mekanismi ehkäisyn ja sairauksien taustalla sekä personoitujen hoitomuotojen kehittäminen (GutMet); Pekkala, Satu - Liikuntatieteellinen tiedekunta, Suomen Akatemia (335802), 01.09.2020-31.08.2022, 6A. Arkistoitavien aineistojen kokoaminen (julkinen)",Yes,No,Hyvinvoinnin tutkimuksen yhteisö; Monitieteinen aivotutkimuskeskus,00/SUOMENAKATEMIA (Suomen Akatemia),,,YH Yhteisrahoitteinen,22 - Muu tutkimus,
7334860,7A. Suljettu (julkinen),Yes,jyu_project,"Nokia, Miriam",,Akatemiatutkija,Psykologian laitos,,Kasvatustieteiden ja psykologian tiedekunta,Suomen Akatemia,Suomen Akatemia,"Akatemiatutkijan tutkimuskulut, SA (Suomen Akatemia)",Hippocampal oscillations and associative learning: Stepping out of the maze and exploring new waves (research costs),Hippokampuksen värähtelyt ja assosiatiivinen oppiminen: Ulos sokkelosta ja tutkimaan uusia aaltoja (tutkimuskulut),Hippokampuksen värähtelyt ja assosiati/2,,,,"Oppiminen, opetus ja vuorovaikutus",Hyvinvoinnin tutkimuksen yhteisö; Monitieteinen oppimisen ja opetuksen tutkimus,Monitieteinen aivotutkimus,2640,6160,6160,8800,rahoittaja_korvaa,6/13/2017,9/1/2017,12/31/2019,1/1/2018,12/31/2019,2100003989,Ei konsortio,,,,634/13.00.00.00/2014,313334,"Naumanen, Lea","Hippokampuksen värähtelyt ja assosiatiivinen oppiminen: Ulos sokkelosta ja tutkimaan<br />uusia aaltoja (tutkimuskulut); Nokia, Miriam - Psykologian laitos, Suomen Akatemia (313334), 01.09.2017-31.12.2019, 7A. Suljettu (julkinen)",No value,No value,Hyvinvoinnin tutkimuksen yhteisö; Monitieteinen aivotutkimuskeskus; Monitieteinen oppimisen ja opetuksen tutkimus,00/SUOMENAKATEMIA (Suomen Akatemia),,,YH Yhteisrahoitteinen,22 - Muu tutkimus,
202092936,3A. Käynnissä (julkinen),Yes,jyu_project,"Kujala, Miiamaaria",,Yliopistotutkija,Psykologian laitos,,Kasvatustieteiden ja psykologian tiedekunta,Agria och Svenska Kennelklubben  Forskningsfond,Muu ulkomainen organisaatio tai yhteisö,Muut (Rahoitusohjelmat),"Humans best friend – emotional, physiological and behavioral synchrony across species","Humans best friend – emotional, physiological and behavioral synchrony across species","Människans bästa vän - emotionell, fys/2",,Agria_SocialDog2,,"Liikunta, terveys ja hyvinvointi; Luonnon perusilmiöt ja matemaattinen ajattelu; Oppiminen, opetus ja vuorovaikutus","Hyvinvoinnin tutkimuksen yhteisö; Käyttäytymisen muutos, hyvinvointi ja terveys elämänkulussa",,0,46307,46307,46307,rahoittaja_korvaa,1/2/2024,1/1/2024,12/31/2024,1/1/2024,,2100006146,Ei konsortio,,,,87/13.00.00.00/2024,P2023-0001,"Kokkila, Pauliina","Humans best friend – emotional, physiological and behavioral synchrony across species (Agria_SocialDog2); Kujala, Miiamaaria - Psykologian laitos, Agria och Svenska Kennelklubben Forskningsfond (P2023-0001), 01.01.2024-31.12.2024, 3A. Käynnissä (julkinen)",Yes,No,"Hyvinvoinnin tutkimuksen yhteisö; Käyttäytymisen muutos, hyvinvointi ja terveys elämänkulussa; Monitieteinen aivotutkimuskeskus",00/ULKOM_RAHASTOT (Ulkomaiset rahastot ja säätiöt),,,YH Yhteisrahoitteinen,22 - Muu tutkimus,
98915232,3A. Käynnissä (julkinen),Yes,jyu_project,"Juutinen, Taija",,Professori,Liikuntatieteellinen tiedekunta,,Liikuntatieteellinen tiedekunta,Euroopan komissio,EU,MSCA Individual Fellowship (IF) (2014-2020) (MSCA Marie Skłodowska-Curie Ac...),Integrating SENSorimotor disorders with ankle hyper-resistance in cerebral palsy,Integrating SENSorimotor disorders with ankle hyper-resistance in cerebral palsy,I-SENS Integrating SENSorimotor disorder,,I-SENS,,"Liikunta, terveys ja hyvinvointi",Aivojen muutokset elinkaaren aikana,Ei liity nouseviin aloihin,0,190681,190681,190681,rahoittaja_korvaa,3/19/2021,10/1/2021,9/30/2023,10/1/2021,,2100005230,Ei konsortio,,,,,101028724,"Koponen, Hanna-Mari","Integrating SENSorimotor disorders with ankle hyper-resistance in cerebral palsy (I-SENS); Juutinen, Taija - Liikuntatieteellinen tiedekunta, Euroopan komissio (101028724), 01.10.2021-30.09.2023, 3A. Käynnissä (julkinen)",Yes,No,Aivojen muutokset elinkaaren aikana; Biomekaniikka,"00/EUROOPANKOMISSIO (EU, Euroopan Komissio)",,,YH Yhteisrahoitteinen,22 - Muu tutkimus,
8794321,7A. Suljettu (julkinen),Yes,jyu_project,"Hartmann, Martin",,Tutkijatohtori,Informaatioteknologian tiedekunta,,Informaatioteknologian tiedekunta,Suomen Akatemia,Suomen Akatemia,"Tutkijatohtori, SA (Suomen Akatemia)",Interaction in Music Therapy for Depression,Vuorovaikutus depressiopotilaiden musiikkiterapiassa,Vuorovaikutus depressiopotilaiden musiik,,IMTD,,"Liikunta, terveys ja hyvinvointi",Fyysinen aktiivisuus eliniän aikana; Hyvinvoinnin tutkimuksen yhteisö,Monitieteinen aivotutkimus,100362,234174,234174,334536,rahoittaja_korvaa,4/26/2018,9/1/2018,8/31/2021,9/1/2018,8/31/2021,2100004156,Ei konsortio,,,,1322/13.00.00.00/2017,314651,"Hakala, Lea","Vuorovaikutus depressiopotilaiden musiikkiterapiassa (IMTD); Hartmann, Martin - Informaatioteknologian tiedekunta, Suomen Akatemia (314651), 01.09.2018-31.08.2021, 7A. Suljettu (julkinen)",No value,No value,Fyysinen aktiivisuus eliniän aikana; Hyvinvoinnin tutkimuksen yhteisö; Monitieteinen aivotutkimuskeskus,00/SUOMENAKATEMIA (Suomen Akatemia),,,YH Yhteisrahoitteinen,22 - Muu tutkimus,
155793920,6A. Arkistoitavien aineistojen kokoaminen (julkinen),Yes,jyu_project,"Parviainen, Tiina","Vesisenaho, Mikko; Malinen, Anita",Yliopistotutkija,Psykologian laitos,,Kasvatustieteiden ja psykologian tiedekunta,Maanpuolustuksen tieteellinen neuvottelukunta (puolustusministeriö),Ministeriöt,Muut (Rahoitusohjelmat),Kuormituksen vaikutus tarkkaavuuden suuntaamiseen ja säätelyn,Kuormituksen vaikutus tarkkaavuuden suuntaamiseen ja säätelyyn,Kuormituksen vaikutus tarkkaavuuden suun,,FATIGEEG,,"Informaatioteknologia ja ihminen tietoyhteiskunnassa; Liikunta, terveys ja hyvinvointi; Oppiminen, opetus ja vuorovaikutus","Aivojen muutokset elinkaaren aikana; Fyysinen aktiivisuus eliniän aikana; Hyvinvoinnin tutkimuksen yhteisö; Käyttäytymisen muutos, hyvinvointi ja terveys elämänkulussa",Monitieteinen aivotutkimus,26865,107458,107458,134323,rahoittaja_korvaa,2/18/2022,3/1/2022,12/31/2023,5/1/2022,12/31/2023,2100005623,Ei konsortio,,,,1059/13.00.00.00/2022,VN/1773/2022,"Kokkila, Pauliina","Kuormituksen vaikutus tarkkaavuuden suuntaamiseen ja säätelyyn (FATIGEEG); Parviainen, Tiina - Psykologian laitos, Maanpuolustuksen tieteellinen neuvottelukunta (puolustusministeriö) (VN/1773/2022), 01.03.2022-31.12.2023, 6A. Arkistoitavien aineistojen kokoaminen (julkinen)",Yes,No,"Aivojen muutokset elinkaaren aikana; Fyysinen aktiivisuus eliniän aikana; Hyvinvoinnin tutkimuksen yhteisö; Käyttäytymisen muutos, hyvinvointi ja terveys elämänkulussa; Monitieteinen aivotutkimuskeskus; Psykologia",00/PUM (Puolustusministeriö),,,YH Yhteisrahoitteinen,22 - Muu tutkimus,
47408403,3A. Käynnissä (julkinen),Yes,jyu_project,"Sayers, Dave","Tiilikainen-Tervaniemi, Anu; Pöyliö, Hanna; Marsh, Nicholas",Yliopistonlehtori,Kieli- ja viestintätieteiden laitos,,Humanistis-yhteiskuntatieteellinen tiedekunta,Euroopan komissio,EU,COST (EU-rahoitus),Language In The Human-Machine Era,Language In The Human-Machine Era,Language In The Human-Machine Era,,LITHME,https://lithme.eu,"Informaatioteknologia ja ihminen tietoyhteiskunnassa; Kieli, kulttuuri ja yhteiskunta; Oppiminen, opetus ja vuorovaikutus",Aivojen muutokset elinkaaren aikana; Hyvinvoinnin tutkimuksen yhteisö; Kriisit yhteiskunnassa; Kyberturvallisuus; Monitieteinen oppimisen ja opetuksen tutkimus; Soveltava kielentutkimus (profilointiala),Laskennallinen ajattelu ja Big data -analytiikka; Monitieteinen aivotutkimus; Monitieteinen kriisien ja yhteiskunnan muutosten tutkimus; Pedagogiikka ja digitaalisuus,0,173064,173064,173064,rahoittaja_korvaa,12/16/2020,11/1/2020,10/31/2024,11/1/2020,,2100005035,"Konsortio, JYU on koordinaattori",Yes,,"The COST Action programme funds a network to meet over four years. The only institution receiving funding directly is the lead institution, University of Jyväskylä. The other co-proposers will receive reimbursement individually, not through their institutions. For this reason, although this is an application with co-proposers, it is not a consortium.",1866/13.00.00.00/2020,CA19102,"Sneck, Pauli","Language In The Human-Machine Era (LITHME); Sayers, Dave - Kieli- ja viestintätieteiden laitos, Euroopan komissio (CA19102), 01.11.2020-31.10.2024, 3A. Käynnissä (julkinen)",Yes,No,"Aivojen muutokset elinkaaren aikana; Englannin kieli; Hyvinvoinnin tutkimuksen yhteisö; Kriisit yhteiskunnassa; Kyberturvallisuus; Monitieteinen aivotutkimuskeskus; Monitieteinen oppimisen ja opetuksen tutkimus; Opettajien koulutuksen tutkimus (opetus, oppiminen, opettajuus, oppimispolut, koulutus); Soveltava kielentutkimus (profilointiala)","00/EUROOPANKOMISSIO (EU, Euroopan Komissio)",,,YH Yhteisrahoitteinen,22 - Muu tutkimus,
220975146,3A. Käynnissä (julkinen),Yes,jyu_project,"Hämäläinen, Jarmo",,Tuntiopettaja,Psykologian laitos,,Kasvatustieteiden ja psykologian tiedekunta,Suomen Akatemia,Suomen Akatemia,"Akatemiahanke, SA (Suomen Akatemia)","Learning, aging and dyslexia (LeADy)","Oppiminen, ikääntyminen ja dysleksia","Oppiminen, ikääntyminen ja dysleksia",,LeADy,,"Oppiminen, opetus ja vuorovaikutus",Aivojen muutokset elinkaaren aikana; Monitieteinen oppimisen ja opetuksen tutkimus,,225901,527104,527104,753005,rahoittaja_korvaa,6/13/2024,9/1/2024,8/31/2028,9/1/2024,,2100006387,Ei konsortio,,,,955/13.00.00.00/2024,361251,"Kokkila, Pauliina","Oppiminen, ikääntyminen ja dysleksia (LeADy); Hämäläinen, Jarmo - Psykologian laitos, Suomen Akatemia (361251), 01.09.2024-31.08.2028, 3A. Käynnissä (julkinen)",Yes,No,"Aivojen muutokset elinkaaren aikana; Monitieteinen oppimisen ja opetuksen tutkimus; Opettajien koulutuksen tutkimus (opetus, oppiminen, opettajuus, oppimispolut, koulutus); Psykologia",00/SUOMENAKATEMIA (Suomen Akatemia),,,YH Yhteisrahoitteinen,22 - Muu tutkimus,Ei liity jatkuvaan oppimiseen
220787217,3A. Käynnissä (julkinen),Yes,jyu_project,"Piitulainen, Harri",,Apulaisprofessori,Liikuntatieteellinen tiedekunta,,Liikuntatieteellinen tiedekunta,Suomen Akatemia,Suomen Akatemia,"Akatemiahanke, SA (Suomen Akatemia)",Mapping function of hand proprioception in the human motor cortex,Käden liikeaistin toiminnallinen kartoitus ihmisen liikeaivokuorella,Käden liikeaistin toiminnallinen kartoit,,ProMap,,"Liikunta, terveys ja hyvinvointi; Oppiminen, opetus ja vuorovaikutus",Aivojen muutokset elinkaaren aikana,,235393,549251,549251,784644,rahoittaja_korvaa,6/12/2024,9/1/2024,8/31/2028,9/1/2024,,2100006312,Ei konsortio,,,,835/13.00.00.00/2024,361732,"Penttilä, Anu","Käden liikeaistin toiminnallinen kartoitus ihmisen liikeaivokuorella (ProMap); Piitulainen, Harri - Liikuntatieteellinen tiedekunta, Suomen Akatemia (361732), 01.09.2024-31.08.2028, 3A. Käynnissä (julkinen)",Yes,No,Aivojen muutokset elinkaaren aikana; Biomekaniikka; Monitieteinen aivotutkimuskeskus,00/SUOMENAKATEMIA (Suomen Akatemia),,,YH Yhteisrahoitteinen,22 - Muu tutkimus,
242708439,3A. Käynnissä (julkinen),Yes,jyu_project,"Parviainen, Tiina","Kokkila, Pauliina",Yliopistotutkija,Psykologian laitos,,Kasvatustieteiden ja psykologian tiedekunta,Maanpuolustuksen kannatussäätiö,"Muu ulkopuolinen (kotimaiset rahastot ja säätiöt, yhdistykset, yhteisöt)",Muut (Rahoitusohjelmat),Miten rasitus vaikuttaa tilannetietoisuuteen ja toimintakykyyn pitkäkestoisessa ja raskaassa sotilaskoulutuksen harjoituksessa?,Miten rasitus vaikuttaa tilannetietoisuuteen ja toimintakykyyn pitkäkestoisessa ja raskaassa sotilaskoulutuksen harjoituksessa?,Miten rasitus vaikuttaa tilannetietoisuu,,FATIGEEG2,,"Liikunta, terveys ja hyvinvointi; Luonnon perusilmiöt ja matemaattinen ajattelu; Oppiminen, opetus ja vuorovaikutus","Fyysinen aktiivisuus eliniän aikana; Hyvinvoinnin tutkimuksen yhteisö; Käyttäytymisen muutos, hyvinvointi ja terveys elämänkulussa",,0,80000,80000,80000,rahoittaja_korvaa,5/30/2024,9/1/2024,9/30/2025,9/1/2024,,2100006410,Ei konsortio,,,,1213/13.00.00.00/2024,21-1321-26,"Kokkila, Pauliina","Miten rasitus vaikuttaa tilannetietoisuuteen ja toimintakykyyn pitkäkestoisessa ja raskaassa sotilaskoulutuksen harjoituksessa? (FATIGEEG2); Parviainen, Tiina - Psykologian laitos, Maanpuolustuksen kannatussäätiö (21-1321-26), 01.09.2024-30.09.2025, 3A. Käynnissä (julkinen)",Yes,Yes,"Fyysinen aktiivisuus eliniän aikana; Hyvinvoinnin tutkimuksen yhteisö; Käyttäytymisen muutos, hyvinvointi ja terveys elämänkulussa; Monitieteinen aivotutkimuskeskus; Opettajien koulutuksen tutkimus (opetus, oppiminen, opettajuus, oppimispolut, koulutus); Psykologia",00/KOTIRAHASTOSÄÄTIO (Kotimaiset rahastot ja säätiöt),,,YH Yhteisrahoitteinen,22 - Muu tutkimus,Ei liity jatkuvaan oppimiseen
12663394,6A. Arkistoitavien aineistojen kokoaminen (julkinen),Yes,jyu_project,"Fenyvesi, Kristof","Välimaa, Jussi; Kankaanranta, Marja; Mannila, Seija",Tutkijatohtori,Koulutuksen tutkimuslaitos,,Jyväskylän yliopisto,Euroopan komissio,EU,"Strategiset kumppanuushankkeet, E+ (2014-2020) (Erasmus + )",Modeling at School,Modeling at School,Modeling at School,,MAS,,"Oppiminen, opetus ja vuorovaikutus",Hyvinvoinnin tutkimuksen yhteisö; Monitieteinen oppimisen ja opetuksen tutkimus,Monitieteinen aivotutkimus,35752,107256,107256,143008,rahoittaja_korvaa,11/30/2018,11/1/2018,8/31/2021,1/1/2019,4/30/2022,2100004469,Ei konsortio,,Johannes Kepler Universität Linz; Universidad Rey Juan Carlos,,635/13.00.01.00/2018,2018-1-AT01-KA201-039268,"Julin, Satu; Mannila, Seija","Modeling at School (MAS); Fenyvesi, Kristof - Koulutuksen tutkimuslaitos, Euroopan komissio (2018-1-AT01-KA201-039268), 01.11.2018-31.08.2021, 6A. Arkistoitavien aineistojen kokoaminen (julkinen)",Yes,No,"Hyvinvoinnin tutkimuksen yhteisö; Monitieteinen aivotutkimuskeskus; Monitieteinen oppimisen ja opetuksen tutkimus; Opettajien koulutuksen tutkimus (opetus, oppiminen, opettajuus, oppimispolut, koulutus)","00/EUROOPANKOMISSIO (EU, Euroopan Komissio)",,,YH Yhteisrahoitteinen,22 - Muu tutkimus,
12631524,3A. Käynnissä (julkinen),Yes,jyu_project,"Leppänen, Paavo","Mustonen, Anu",Professori,Psykologian laitos,Kasvatustieteiden laitos; Opettajankoulutuslaitos,Kasvatustieteiden ja psykologian tiedekunta,Euroopan komissio,EU,MSCA Innovative Training Networks (ITN) (2014-2020) (MSCA Marie Skłodowska-Curie Ac...),"Neo-PRISM-C: NEurodevelopmental Optimal-Predictors, Risk factors, and Intervention from a Systems approach to Maladjustment in Children","Neo-PRISM-C: Lasten neurokehityksellisten pulmien optimaalisia ennustajia, riskitekijöitä ja interventioita",Neo-PRISM-C: NEurodevelopmental Optimal-,,Neo-PRISM-C,,"Oppiminen, opetus ja vuorovaikutus",Aivojen muutokset elinkaaren aikana; Monitieteinen oppimisen ja opetuksen tutkimus,Pedagogiikka ja digitaalisuus,0,842417,842417,842417,rahoittaja_korvaa,10/15/2018,12/1/2018,8/31/2023,12/1/2018,,2100004321,"Konsortio, JYU osallistuja",No,,"Beneficiaries:University of Cyprus, UCY, Cyprus Center for Applied Neuroscience, Prof. Timothy, Papadopoulos Research Center for Natural Sciences, Hungarian Academy of Sciences, RCNS-HAS, Hungary Brain Imaging Center (BIC-HAS), Prof. Valéria Csépe Université Catholique de Louvain, UCL, Belgium Psychological Sciences, Research Institute-IPSY, Prof. Olivier Luminet University of Edinburgh, UOE, United Kingdom, Dept. of Psychology, Dr. Bonnie Auyeung University of Crete, UOC, Greece Child, Psychiatry Outpatient Clinic, Prof. Panagiotis Simos University of Athens, UOA, Greece Dept. of Primary Education, Dr. George Sideridis SilverSky,  SLVS, Cyprus, R&I Department, Dr. Kleanthis Neokleous Niilo Mäki Foundation, NMF, Finland, Niilo Mäki Institute, Dr. Juha-Matti Latvala Rudolf Berlin Center, University of Amsterdam, and IWAL, RBC, Netherlands Research & Innovation Division, Dr. Jurgen Tijms",1289/13.00.02.00/2018,813546,"Koponen, Hanna-Mari","Neo-PRISM-C: Lasten neurokehityksellisten pulmien optimaalisia ennustajia, riskitekijöitä ja interventioita (Neo-PRISM-C); Leppänen, Paavo - Psykologian laitos, Euroopan komissio (813546), 01.12.2018-31.08.2023, 3A. Käynnissä (julkinen)",Yes,No,"Aivojen muutokset elinkaaren aikana; Monitieteinen oppimisen ja opetuksen tutkimus; Opettajien koulutuksen tutkimus (opetus, oppiminen, opettajuus, oppimispolut, koulutus)","00/EUROOPANKOMISSIO (EU, Euroopan Komissio)",,,YH Yhteisrahoitteinen,21 - Jatkotutkintokoulutus ja siihen liittyvä tutkimus,
8250156,6A. Arkistoitavien aineistojen kokoaminen (julkinen),Yes,jyu_project,"Vesisenaho, Mikko","Malinen, Anita; Silvennoinen, Minna; Parviainen, Tiina",Yliopistonlehtori,Opettajankoulutuslaitos,,Kasvatustieteiden ja psykologian tiedekunta,Keski-Suomen liitto,"Muu julkinen (ELY-keskukset, kunnat ja kuntayhtymät, kehittämisyhtiöt)",Muut (Rahoitusohjelmat),New openings for learning,"Oppimisen sykkeet - taito, tieto, tunne ja toiminallisuus oppimisessa","Oppimisen sykkeet - taito, tieto, tunne",AIKO,Särö,,"Oppiminen, opetus ja vuorovaikutus",Hyvinvoinnin tutkimuksen yhteisö; Monitieteinen oppimisen ja opetuksen tutkimus,Monitieteinen aivotutkimus,22218,40000,40000,62218,rahoittaja_korvaa,1/8/2018,12/1/2017,12/31/2018,1/1/2018,12/31/2018,2100004085,"Konsortio, JYU osallistuja",No,,,46/13.00.00.00/2018,KSL/405/04.03.02.00/2017,"Purokuru, Anne","Oppimisen sykkeet - taito, tieto, tunne ja toiminallisuus oppimisessa (Särö); Vesisenaho, Mikko - Opettajankoulutuslaitos, Keski-Suomen liitto (KSL/405/04.03.02.00/2017), 01.12.2017-31.12.2018, 6A. Arkistoitavien aineistojen kokoaminen (julkinen)",No value,No value,Hyvinvoinnin tutkimuksen yhteisö; Monitieteinen aivotutkimuskeskus; Monitieteinen oppimisen ja opetuksen tutkimus,00/MAAKUNTALIITOT (Maakuntaliitot),,,YH Yhteisrahoitteinen,22 - Muu tutkimus,
13339840,6B. Arkistoitavien aineistojen kokoaminen (ei näy portaalissa),No,jyu_project,"Parviainen, Tiina",,Yliopistotutkija,Psykologian laitos,,Kasvatustieteiden ja psykologian tiedekunta,Firstbeat Technologies Oy,Kotimaiset yritykset,Muut (Rahoitusohjelmat),Nuorten stressi -tutkimus,Nuorten stressi -tutkimus,Nuorten stressi -tutkimus,,,,"Oppiminen, opetus ja vuorovaikutus",Hyvinvoinnin tutkimuksen yhteisö,Monitieteinen aivotutkimus,0,21488,21488,21488,vahennysoikeus,2/18/2019,1/1/2019,12/31/2019,1/1/2019,12/31/2019,2110004422,Ei konsortio,,,,259/13.00.00.00/2019,,"Äijänen, Kaisa","Nuorten stressi -tutkimus; Parviainen, Tiina - Psykologian laitos, Firstbeat Technologies Oy, 01.01.2019-31.12.2019, 6B. Arkistoitavien aineistojen kokoaminen (ei näy portaalissa)",No value,No value,Hyvinvoinnin tutkimuksen yhteisö; Monitieteinen aivotutkimuskeskus,00/KOTIMYRITYKSET (Kotimaiset yritykset),,,EL Elinkeinotoiminta,22 - Muu tutkimus,
12739939,6A. Arkistoitavien aineistojen kokoaminen (julkinen),Yes,jyu_project,"Malinen, Anita","Silvennoinen, Minna; Mikkonen, Jarno; Vesisenaho, Mikko; Parviainen, Tiina",Lehtori,Kasvatustieteiden laitos,,Kasvatustieteiden ja psykologian tiedekunta,Keski-Suomen liitto,"Muu julkinen (ELY-keskukset, kunnat ja kuntayhtymät, kehittämisyhtiöt)",Muut (Rahoitusohjelmat),On the same wave,Samalla aallonpituudella – älykkäät järjestelmät ja fysiologiset mittarit oppimisen tulkkeina,Samalla aallonpituudella - älykkäät järj,,Aalto,,"Informaatioteknologia ja ihminen tietoyhteiskunnassa; Oppiminen, opetus ja vuorovaikutus",Aivojen muutokset elinkaaren aikana; Hyvinvoinnin tutkimuksen yhteisö; Monitieteinen oppimisen ja opetuksen tutkimus,Laskennallinen ajattelu ja Big data -analytiikka; Monitieteinen aivotutkimus; Pedagogiikka ja digitaalisuus,11090,25877,25877,36967,rahoittaja_korvaa,10/29/2018,10/1/2018,3/31/2019,10/1/2018,9/30/2019,2100004346,Ei konsortio,,,,942/13.00.00.00/2018,KSL/201/04.03.02.00/2018),"Lehtonen, Tiina","Samalla aallonpituudella – älykkäät järjestelmät ja fysiologiset mittarit oppimisen tulkkeina (Aalto); Malinen, Anita - Kasvatustieteiden laitos, Keski-Suomen liitto (KSL/201/04.03.02.00/2018)), 01.10.2018-31.03.2019, 6A. Arkistoitavien aineistojen kokoaminen (julkinen)",Yes,Yes,Aivojen muutokset elinkaaren aikana; Hyvinvoinnin tutkimuksen yhteisö; Monitieteinen aivotutkimuskeskus; Monitieteinen oppimisen ja opetuksen tutkimus,00/MAAKUNTALIITOT (Maakuntaliitot),,,YH Yhteisrahoitteinen,22 - Muu tutkimus,
30988881,6A. Arkistoitavien aineistojen kokoaminen (julkinen),Yes,jyu_project,"Nokia, Miriam",,Akatemiatutkija,Psykologian laitos,,Kasvatustieteiden ja psykologian tiedekunta,Suomen Akatemia,Suomen Akatemia,"Akatemiahanke, SA (Suomen Akatemia)",Optimizing learning - synchrony of the brain and body as a tool?,Aivojen ja kehon synkronia oppimisen optimoimisen työkaluna,Aivojen ja kehon synkronia oppimisen opt,,,https://www.jyu.fi/fi/tutkimusryhmat/oppimisen-ja-muistin-hermostollinen-perusta,"Oppiminen, opetus ja vuorovaikutus","Aivojen muutokset elinkaaren aikana; Hyvinvoinnin tutkimuksen yhteisö; Käyttäytymisen muutos, hyvinvointi ja terveys elämänkulussa",Monitieteinen aivotutkimus,203953,475904,475904,679857,rahoittaja_korvaa,5/24/2019,9/1/2019,8/31/2023,9/1/2019,8/31/2023,2100004573,Ei konsortio,,,,1132/13.00.00.00/2018,321522,"Kokkila, Pauliina","Aivojen ja kehon synkronia oppimisen optimoimisen työkaluna; Nokia, Miriam - Psykologian laitos, Suomen Akatemia (321522), 01.09.2019-31.08.2023, 6A. Arkistoitavien aineistojen kokoaminen (julkinen)",Yes,No,"Aivojen muutokset elinkaaren aikana; Hyvinvoinnin tutkimuksen yhteisö; Käyttäytymisen muutos, hyvinvointi ja terveys elämänkulussa; Monitieteinen aivotutkimuskeskus",00/SUOMENAKATEMIA (Suomen Akatemia),,,YH Yhteisrahoitteinen,22 - Muu tutkimus,
66398303,3A. Käynnissä (julkinen),Yes,jyu_project,"Torppa, Minna",,Akatemiatutkija,Opettajankoulutuslaitos,,Kasvatustieteiden ja psykologian tiedekunta,Euroopan komissio,EU,"ERC Consolidator Grant (2014-2020) (ERC European Research Council,...)",Pathways to math difficulties -A longitudinal study from birth to school-age,Pathways to math difficulties -A longitudinal study from birth to school-age,EARLYMATH Pathways to math difficulties,,EARLYMATH,,"Oppiminen, opetus ja vuorovaikutus",Aivojen muutokset elinkaaren aikana; Monitieteinen oppimisen ja opetuksen tutkimus,Monitieteinen aivotutkimus,0,1999608,1999608,1999608,rahoittaja_korvaa,4/12/2021,9/1/2021,8/31/2026,9/1/2021,,2100005200,"Konsortio, JYU on koordinaattori",Yes,,,1826/13.00.02.00/2020,101002966,"Koponen, Hanna-Mari","Pathways to math difficulties -A longitudinal study from birth to school-age (EARLYMATH); Torppa, Minna - Opettajankoulutuslaitos, Euroopan komissio (101002966), 01.09.2021-31.08.2026, 3A. Käynnissä (julkinen)",Yes,Yes,"Aivojen muutokset elinkaaren aikana; Monitieteinen oppimisen ja opetuksen tutkimus; Opettajien koulutuksen tutkimus (opetus, oppiminen, opettajuus, oppimispolut, koulutus)","00/EUROOPANKOMISSIO (EU, Euroopan Komissio)",,,YH Yhteisrahoitteinen,22 - Muu tutkimus,
117431738,3A. Käynnissä (julkinen),Yes,jyu_project,"Juutinen, Taija",,Professori,Liikuntatieteellinen tiedekunta,,Liikuntatieteellinen tiedekunta,Opetus- ja kulttuuriministeriö,Ministeriöt,Muut (Rahoitusohjelmat),Physical activity and exercise for young people with cerebral palsy: understanding mechanisms and providing evidence of efficacy (EXECP),Liikunnallisen kuntoutuksen vaikutukset ja mekanismit CP-vammaisilla lapsilla ja nuorilla (EXECP),Liikunnallisen kuntoutuksen vaikutukset,,EXECP,,"Liikunta, terveys ja hyvinvointi",Aivojen muutokset elinkaaren aikana; Hyvinvoinnin tutkimuksen yhteisö,,17368,330000,330000,347368,rahoittaja_korvaa,3/14/2022,4/1/2022,6/30/2025,4/1/2022,,2100005454,Ei konsortio,,,,394/13.00.00.00/2021,"OKM/28/626/2022, OKM/74/626/2022, OKM/64/626/2023","Qvintus, Anneli","Liikunnallisen kuntoutuksen vaikutukset ja mekanismit CP-vammaisilla lapsilla ja nuorilla (EXECP) (EXECP); Juutinen, Taija - Liikuntatieteellinen tiedekunta, Opetus- ja kulttuuriministeriö (OKM/28/626/2022, OKM/74/626/2022, OKM/64/626/2023), 01.04.2022-30.06.2025, 3A. Käynnissä (julkinen)",Yes,No,Aivojen muutokset elinkaaren aikana; Biomekaniikka; Hyvinvoinnin tutkimuksen yhteisö; Monitieteinen aivotutkimuskeskus,00/OKM (Opetus- ja kulttuuriministeriö),,,YH Yhteisrahoitteinen,22 - Muu tutkimus,
151608537,3A. Käynnissä (julkinen),Yes,jyu_project,"Walker, Simon",,Yliopistotutkija,Liikuntatieteellinen tiedekunta,,Liikuntatieteellinen tiedekunta,Suomen Akatemia,Suomen Akatemia,"Akatemiatutkijan tutkimuskulut, SA (Suomen Akatemia)",POSTURAL CONTROL IN THE AGING BRAIN: EFFECTS OF BALANCE TRAINING (1),Asentoaisti ja tasapainon säätely ikääntyvissä aivoissa: ikääntymisen ja tasapainoharjoittelun vaikutukset,Asentoaisti ja tasapainon säätely ikäänt,,BRAIN-BALANCE,,"Liikunta, terveys ja hyvinvointi",Aivojen muutokset elinkaaren aikana; Fyysinen aktiivisuus eliniän aikana; Hyvinvoinnin tutkimuksen yhteisö,,128571,300000,300000,428571,rahoittaja_korvaa,6/16/2022,9/1/2022,12/31/2025,9/1/2022,,2100005595,Ei konsortio,,,,1456/13.00.00.00/2021,353811,"Hyvönen, Jonna","Asentoaisti ja tasapainon säätely ikääntyvissä aivoissa: ikääntymisen ja tasapainoharjoittelun vaikutukset (BRAIN-BALANCE); Walker, Simon - Liikuntatieteellinen tiedekunta, Suomen Akatemia (353811), 01.09.2022-31.12.2025, 3A. Käynnissä (julkinen)",Yes,No,Aivojen muutokset elinkaaren aikana; Fyysinen aktiivisuus eliniän aikana; Hyvinvoinnin tutkimuksen yhteisö; Monitieteinen aivotutkimuskeskus,00/SUOMENAKATEMIA (Suomen Akatemia),,,YH Yhteisrahoitteinen,22 - Muu tutkimus,
151670883,3A. Käynnissä (julkinen),Yes,jyu_project,"Walker, Simon",,Yliopistotutkija,Liikuntatieteellinen tiedekunta,,Liikuntatieteellinen tiedekunta,Suomen Akatemia,Suomen Akatemia,"Akatemiatutkija, SA (Suomen Akatemia)",POSTURAL CONTROL IN THE AGING BRAIN: EFFECTS OF BALANCE TRAINING (2),Asentoaisti ja tasapainon säätely ikääntyvissä aivoissa: ikääntymisen ja tasapainoharjoittelun vaikutukset,Akatemiatutkija Walker Simon,,BRAIN-BALANCE,,"Liikunta, terveys ja hyvinvointi",Aivojen muutokset elinkaaren aikana; Fyysinen aktiivisuus eliniän aikana; Hyvinvoinnin tutkimuksen yhteisö,,0,447650,447650,447650,rahoittaja_korvaa,4/28/2022,9/1/2022,8/31/2027,9/1/2022,,2100005606,Ei konsortio,,,,1456/13.00.00.00/2021,350528,"Qvintus, Anneli; Hyvönen, Jonna","Asentoaisti ja tasapainon säätely ikääntyvissä aivoissa: ikääntymisen ja tasapainoharjoittelun vaikutukset (BRAIN-BALANCE); Walker, Simon - Liikuntatieteellinen tiedekunta, Suomen Akatemia (350528), 01.09.2022-31.08.2027, 3A. Käynnissä (julkinen)",Yes,No,Aivojen muutokset elinkaaren aikana; Fyysinen aktiivisuus eliniän aikana; Hyvinvoinnin tutkimuksen yhteisö; Monitieteinen aivotutkimuskeskus,00/SUOMENAKATEMIA (Suomen Akatemia),,,YH Yhteisrahoitteinen,22 - Muu tutkimus,
117773967,3A. Käynnissä (julkinen),Yes,jyu_project,"Hämäläinen, Jarmo",,Tuntiopettaja,Psykologian laitos,,Kasvatustieteiden ja psykologian tiedekunta,Suomen Akatemia,Suomen Akatemia,"Muut, SA (Suomen Akatemia)",Predictive coding processes in aging,Aistiärsykkeiden ennakointi ikääntymisen yhteydessä,Aistiärsykkeiden ennakointi ikääntymisen,,PredictAging,,"Oppiminen, opetus ja vuorovaikutus",Aivojen muutokset elinkaaren aikana; Monitieteinen oppimisen ja opetuksen tutkimus,,0,25000,25000,25000,rahoittaja_korvaa,2/18/2022,8/18/2022,6/30/2024,6/23/2022,,2100005474,Ei konsortio,,,,1471/13.00.00.00/2021,347903,"Kokkila, Pauliina","Aistiärsykkeiden ennakointi ikääntymisen yhteydessä (PredictAging); Hämäläinen, Jarmo - Psykologian laitos, Suomen Akatemia (347903), 18.08.2022-30.06.2024, 3A. Käynnissä (julkinen)",Yes,No,Aivojen muutokset elinkaaren aikana; Monitieteinen oppimisen ja opetuksen tutkimus; Psykologia,00/SUOMENAKATEMIA (Suomen Akatemia),,,YH Yhteisrahoitteinen,22 - Muu tutkimus,
47236073,6A. Arkistoitavien aineistojen kokoaminen (julkinen),Yes,jyu_project,"Karhulahti, Veli-Matti",,Yliopistotutkija,"Musiikin, taiteen ja kulttuurin tutkimuksen laitos",,Humanistis-yhteiskuntatieteellinen tiedekunta,Työsuojelurahasto,"Muu ulkopuolinen (kotimaiset rahastot ja säätiöt, yhdistykset, yhteisöt)",Muut (Rahoitusohjelmat),Problem Gaming in Working Life,Ongelmapelaaminen työelämässä,Ongelmapelaaminen työelämässä,,OT,,"Informaatioteknologia ja ihminen tietoyhteiskunnassa; Kieli, kulttuuri ja yhteiskunta; Liikunta, terveys ja hyvinvointi",Aivojen muutokset elinkaaren aikana; Fyysinen aktiivisuus eliniän aikana; Hyvinvoinnin tutkimuksen yhteisö,Laskennallinen ajattelu ja Big data -analytiikka; Monitieteinen aivotutkimus,100000,150000,150000,250000,rahoittaja_korvaa,11/10/2020,1/1/2021,5/31/2023,1/1/2021,9/30/2023,2100005037,Ei konsortio,,,,,200349,"Nousiainen, Johanna","Ongelmapelaaminen työelämässä (OT); Karhulahti, Veli-Matti - Musiikin, taiteen ja kulttuurin tutkimuksen laitos, Työsuojelurahasto (200349), 01.01.2021-31.05.2023, 6A. Arkistoitavien aineistojen kokoaminen (julkinen)",Yes,No,Aivojen muutokset elinkaaren aikana; Fyysinen aktiivisuus eliniän aikana; Hyvinvoinnin tutkimuksen yhteisö; Monitieteinen aivotutkimuskeskus; Nykykulttuurin tutkimus,00/KOTIRAHASTOSÄÄTIO (Kotimaiset rahastot ja säätiöt),,,YH Yhteisrahoitteinen,22 - Muu tutkimus,
13434770,6A. Arkistoitavien aineistojen kokoaminen (julkinen),Yes,jyu_project,"Piitulainen, Harri",,Apulaisprofessori,Liikuntatieteellinen tiedekunta,,Liikuntatieteellinen tiedekunta,Suomen Akatemia,Suomen Akatemia,"Akatemiatutkija, SA (Suomen Akatemia)",Proprioception in sensorimotor integration in health and disease,"Proprioseptiikka aivojen sensorimotorisessa integraatiossa—terveillä, CP lapsilla ja kuntoutuvilla aivohalvauspotilailla",Akatemiatutkija Piitulainen Harri,,,,"Liikunta, terveys ja hyvinvointi",Aivojen muutokset elinkaaren aikana; Hyvinvoinnin tutkimuksen yhteisö,Monitieteinen aivotutkimus,0,236816,236816,236816,rahoittaja_korvaa,5/25/2016,1/1/2019,8/31/2021,1/1/2019,8/31/2021,2100004448,Ei konsortio,,,,372/13.00.00.00/2019,326988,"Pietikäinen, Elina","Proprioseptiikka aivojen sensorimotorisessa integraatiossa—terveillä, CP lapsilla ja<br />kuntoutuvilla aivohalvauspotilailla; Piitulainen, Harri - Liikuntatieteellinen tiedekunta, Suomen Akatemia (326988), 01.01.2019-31.08.2021, 6A. Arkistoitavien aineistojen kokoaminen (julkinen)",Yes,No,Aivojen muutokset elinkaaren aikana; Hyvinvoinnin tutkimuksen yhteisö; Monitieteinen aivotutkimuskeskus,00/SUOMENAKATEMIA (Suomen Akatemia),,,YH Yhteisrahoitteinen,22 - Muu tutkimus,
30965660,6A. Arkistoitavien aineistojen kokoaminen (julkinen),Yes,jyu_project,"Piitulainen, Harri",,Apulaisprofessori,Liikuntatieteellinen tiedekunta,,Liikuntatieteellinen tiedekunta,Suomen Akatemia,Suomen Akatemia,"Akatemiatutkijan tutkimuskulut, SA (Suomen Akatemia)",Proprioception in sensorimotor integration in health and disease (Academy Research Fellow research costs for 2-years in University of Jyväskylä),"Proprioseptiikka aivojen sensorimotorisessa integraatiossa—terveillä, CP lapsilla ja kuntoutuvilla aivohalvauspotilailla (tutkimuskulut)",Proprioseptiikka aivojen sensorimotorise,,,,"Liikunta, terveys ja hyvinvointi",Aivojen muutokset elinkaaren aikana; Hyvinvoinnin tutkimuksen yhteisö,Monitieteinen aivotutkimus,85700,199951,199951,285651,rahoittaja_korvaa,6/18/2019,9/1/2019,2/28/2022,9/1/2019,2/28/2022,2100004554,Ei konsortio,,,,372/13.00.00.00/2019,327288,"Qvintus, Anneli","Proprioseptiikka aivojen sensorimotorisessa integraatiossa—terveillä, CP lapsilla ja<br />kuntoutuvilla aivohalvauspotilailla (tutkimuskulut); Piitulainen, Harri - Liikuntatieteellinen tiedekunta, Suomen Akatemia (327288), 01.09.2019-28.02.2022, 6A. Arkistoitavien aineistojen kokoaminen (julkinen)",Yes,No,Aivojen muutokset elinkaaren aikana; Hyvinvoinnin tutkimuksen yhteisö; Monitieteinen aivotutkimuskeskus,00/SUOMENAKATEMIA (Suomen Akatemia),,Aalto-yliopisto (AYO); HUS-yhtymä,YH Yhteisrahoitteinen,22 - Muu tutkimus,
164951124,3A. Käynnissä (julkinen),Yes,jyu_project,"Parviainen, Tiina","Veistola, Sara; Marsh, Nicholas",Yliopistotutkija,Psykologian laitos,,Kasvatustieteiden ja psykologian tiedekunta,Business Finland,Business Finland,"Co-Innovation, BF (Business Finland)",Psykofysiologinen mittaus ja seuranta mielentilan digitaalisena indikaattorina (DIGIMIND),Psykofysiologinen mittaus ja seuranta mielentilan digitaalisena indikaattorina (DIGIMIND),Psykofysiologinen mittaus ja seuranta mi,,DIGIMIND,,"Informaatioteknologia ja ihminen tietoyhteiskunnassa; Kestävä liiketoiminta ja talous; Liikunta, terveys ja hyvinvointi; Luonnon perusilmiöt ja matemaattinen ajattelu; Oppiminen, opetus ja vuorovaikutus",Aivojen muutokset elinkaaren aikana; Hyvinvoinnin tutkimuksen yhteisö,,395053,920000,920000,1315053,rahoittaja_korvaa,11/18/2022,1/1/2023,7/31/2026,1/1/2023,,2100005739,"Konsortio, JYU on koordinaattori",,,Aalto yliopisto Helsingin yliopisto,30/13.00.00.00/2023,8114/31/2022,"Kokkila, Pauliina","Psykofysiologinen mittaus ja seuranta mielentilan digitaalisena indikaattorina (DIGIMIND)<br />(DIGIMIND); Parviainen, Tiina - Psykologian laitos, Business Finland (8114/31/2022), 01.01.2023-31.07.2026, 3A. Käynnissä (julkinen)",Yes,No,"Aivojen muutokset elinkaaren aikana; Hyvinvoinnin tutkimuksen yhteisö; Informaatioteknologia ja ihminen tietoyhteiskunnassa; Kestävä liiketoiminta ja talous; Liikunta, terveys ja hyvinvointi; Monitieteinen aivotutkimuskeskus; Psykologia",00/BUSINESS FINLAND,,,YH Yhteisrahoitteinen,22 - Muu tutkimus,
12651154,6A. Arkistoitavien aineistojen kokoaminen (julkinen),Yes,jyu_project,"Lensu, Sanna",,Tutkijatohtori,Liikuntatieteellinen tiedekunta,,Liikuntatieteellinen tiedekunta,Jenny ja Antti Wihurin rahasto,"Muu ulkopuolinen (kotimaiset rahastot ja säätiöt, yhdistykset, yhteisöt)",Säätiö (Rahoitusohjelmat),Reversing the genetic predisposition to the inactivity and development of Type 2 diabetes with fecal  transplants and gut microbiota ablation,Kokeellinen tutkimus kumota perittyjä aineenvaihdunnan riskitekijöitä ja heikkoa juoksukykyä suolistomikrobeihin vaikuttamalla ja tekemällä ulosteensiirtoa,Kokeellinen tutkimus kumota perittyjä ai,,AiSuoLi_W,,"Liikunta, terveys ja hyvinvointi",Fyysinen aktiivisuus eliniän aikana; Hyvinvoinnin tutkimuksen yhteisö,Monitieteinen aivotutkimus,0,12000,12000,12000,rahoittaja_korvaa,10/4/2018,3/1/2019,11/30/2020,3/1/2019,12/31/2020,2100004329,Ei konsortio,,,,1226/13.00.00.00/2018,7F36E1,"Pietikäinen, Elina","Kokeellinen tutkimus kumota perittyjä aineenvaihdunnan riskitekijöitä ja heikkoa juoksukykyä suolistomikrobeihin<br />vaikuttamalla ja tekemällä ulosteensiirtoa (AiSuoLi_W); Lensu, Sanna - Liikuntatieteellinen tiedekunta, Jenny ja Antti Wihurin rahasto (7F36E1), 01.03.2019-30.11.2020, 6A. Arkistoitavien aineistojen kokoaminen (julkinen)",No,No value,Fyysinen aktiivisuus eliniän aikana; Hyvinvoinnin tutkimuksen yhteisö; Monitieteinen aivotutkimuskeskus,00/KOTIRAHASTOSÄÄTIO (Kotimaiset rahastot ja säätiöt),,Helsingin yliopisto; The University of Toledo; Turun yliopisto (TY); University College Cork,YH Yhteisrahoitteinen,22 - Muu tutkimus,
164354903,3A. Käynnissä (julkinen),Yes,jyu_project,"Fenyvesi, Kristof",,Tutkijatohtori,Koulutuksen tutkimuslaitos,,Jyväskylän yliopisto,Euroopan komissio,EU,"KA2: Yhteistyökumppanuudet, E+ (2021-2027) (Erasmus + )",Science and Social Studies Rethought in Schools,Science and Social Studies Rethought in Schools,SCISSORS-Science and Social Studies Reth,,Scissors,,"Informaatioteknologia ja ihminen tietoyhteiskunnassa; Kieli, kulttuuri ja yhteiskunta; Luonnon perusilmiöt ja matemaattinen ajattelu; Oppiminen, opetus ja vuorovaikutus","Aivojen muutokset elinkaaren aikana; Hyvinvoinnin tutkimuksen yhteisö; Käyttäytymisen muutos, hyvinvointi ja terveys elämänkulussa; Monilukutaito oppimisessa ja yhteiskunnallisessa osallisuudessa; Monitieteinen oppimisen ja opetuksen tutkimus; Resurssiviisausyhteisö",,0,110620,110620,110620,rahoittaja_korvaa,10/17/2022,9/1/2022,11/30/2024,9/1/2022,,2100005711,"Konsortio, JYU osallistuja",,Przedszkole Gedania 1922; Rogers Személyközpontú Oktatásért Alapítvány,,423/13.00.01.00/2022,2022-1-HU01-KA220-SCH-000087625,"Mannila, Seija","Science and Social Studies Rethought in Schools (Scissors); Fenyvesi, Kristof - Koulutuksen tutkimuslaitos, Euroopan komissio (2022-1-HU01-KA220-SCH-000087625), 01.09.2022-30.11.2024, 3A. Käynnissä (julkinen)",No,No,"Aivojen muutokset elinkaaren aikana; Hyvinvoinnin tutkimuksen yhteisö; Käyttäytymisen muutos, hyvinvointi ja terveys elämänkulussa; Monilukutaito oppimisessa ja yhteiskunnallisessa osallisuudessa; Monitieteinen oppimisen ja opetuksen tutkimus; Resurssiviisausyhteisö","00/EUROOPANKOMISSIO (EU, Euroopan Komissio)",,,YH Yhteisrahoitteinen,22 - Muu tutkimus,
89728944,3A. Käynnissä (julkinen),Yes,jyu_project,"Jantunen, Tommi",,Akatemiatutkija,Kieli- ja viestintätieteiden laitos,,Humanistis-yhteiskuntatieteellinen tiedekunta,Suomen Akatemia,Suomen Akatemia,"Akatemiahanke, SA (Suomen Akatemia)",Showing and telling in Finnish Sign Language,Näyttäminen ja kertominen suomalaisessa viittomakielessä,Näyttäminen ja kertominen suomalaisessa,,ShowTell,,"Informaatioteknologia ja ihminen tietoyhteiskunnassa; Kieli, kulttuuri ja yhteiskunta",Ei liity profiloitumisalueisiin,Monitieteinen aivotutkimus,206674,482279,482279,688953,rahoittaja_korvaa,5/26/2021,9/1/2021,8/31/2025,9/1/2021,,2100005172,Ei konsortio,,,,1666/13.00.00.00/2020,339268,"Ström, Anni","Näyttäminen ja kertominen suomalaisessa viittomakielessä (ShowTell); Jantunen, Tommi - Kieli- ja viestintätieteiden laitos, Suomen Akatemia (339268), 01.09.2021-31.08.2025, 3A. Käynnissä (julkinen)",Yes,No,Suomalainen viittomakieli,00/SUOMENAKATEMIA (Suomen Akatemia),,,YH Yhteisrahoitteinen,22 - Muu tutkimus,
147106406,3A. Käynnissä (julkinen),Yes,jyu_project,"Astikainen, Piia",,Apulaisprofessori,Psykologian laitos,,Kasvatustieteiden ja psykologian tiedekunta,Suomen Akatemia,Suomen Akatemia,"Akatemiahanke, SA (Suomen Akatemia)",Social foreign language learning: behavioral and electrophysiological studies,Sosiaalinen vieraan kielen oppiminen: käyttäytymis- ja aivoaktiivisuustutkimuksia,Sosiaalinen vieraan kielen oppiminen: kä,,SoLe2,,"Oppiminen, opetus ja vuorovaikutus",Aivojen muutokset elinkaaren aikana; Monitieteinen oppimisen ja opetuksen tutkimus,,214196,499790,499790,713986,rahoittaja_korvaa,5/24/2022,9/1/2022,8/31/2026,9/1/2022,,2100005537,Ei konsortio,,,,1465/13.00.00.00/2021,351009,"Kokkila, Pauliina","Sosiaalinen vieraan kielen oppiminen: käyttäytymis- ja aivoaktiivisuustutkimuksia (SoLe2); Astikainen, Piia - Psykologian laitos, Suomen Akatemia (351009), 01.09.2022-31.08.2026, 3A. Käynnissä (julkinen)",Yes,No,Aivojen muutokset elinkaaren aikana; Monitieteinen oppimisen ja opetuksen tutkimus; Psykologia,00/SUOMENAKATEMIA (Suomen Akatemia),,,YH Yhteisrahoitteinen,22 - Muu tutkimus,
242592448,3A. Käynnissä (julkinen),Yes,jyu_project,"Parviainen, Tiina","Szerovay, Mihaly",Apulaisprofessori,Psykologian laitos,,Kasvatustieteiden ja psykologian tiedekunta,Suomen Akatemia,Suomen Akatemia,"Akatemiaohjelma, SA (Suomen Akatemia)",Sustainable careers in elite contact sports - SUCCESS,Kestävä ura kontaktiurheilun huipulla - SUCCESS,Kestävä ura kontaktiurheilun huipulla,,SUCCESS,,"Liikunta, terveys ja hyvinvointi; Luonnon perusilmiöt ja matemaattinen ajattelu; Oppiminen, opetus ja vuorovaikutus","Aivojen muutokset elinkaaren aikana; Fyysinen aktiivisuus eliniän aikana; Hyvinvoinnin tutkimuksen yhteisö; Käyttäytymisen muutos, hyvinvointi ja terveys elämänkulussa",Monitieteinen aivotutkimus,132828,310000,310000,442828,rahoittaja_korvaa,4/30/2024,9/1/2024,8/31/2027,9/1/2024,,2100006402,"Konsortio, JYU osallistuja",,Helsingin yliopisto; Pohjois-Savon sairaanhoitopiiri,Konsortion toinen osapuoli ja koordinaattori on Laura Hokkanen / Helsingin yliopisto.,926/13.00.00.00/2024,361696,"Kokkila, Pauliina","Kestävä ura kontaktiurheilun huipulla - SUCCESS (SUCCESS); Parviainen, Tiina - Psykologian laitos, Suomen Akatemia (361696), 01.09.2024-31.08.2027, 3A. Käynnissä (julkinen)",Yes,No,"Aivojen muutokset elinkaaren aikana; Fyysinen aktiivisuus eliniän aikana; Hyvinvoinnin tutkimuksen yhteisö; Käyttäytymisen muutos, hyvinvointi ja terveys elämänkulussa; Liikuntapsykologia; Liikunta, terveys ja hyvinvointi; Liikuntatieteellinen tiedekunta; Monitieteinen aivotutkimuskeskus; Psykologia",00/SUOMENAKATEMIA (Suomen Akatemia),,,YH Yhteisrahoitteinen,22 - Muu tutkimus,Ei liity jatkuvaan oppimiseen
35872911,3A. Käynnissä (julkinen),Yes,jyu_project,"Toiviainen, Petri",,Akatemiaprofessori,"Musiikin, taiteen ja kulttuurin tutkimuksen laitos",,Humanistis-yhteiskuntatieteellinen tiedekunta,Suomen Akatemia,Suomen Akatemia,"Akatemiahanke, SA (Suomen Akatemia)","Take the “N” Train: Dance, Entrainment and Prosocial Behaviour","Tanssi, synkronisaatio ja prososiaalinen käyttäytyminen","Tanssi, synkronisaatio ja prososiaalinen",,,,"Kieli, kulttuuri ja yhteiskunta; Liikunta, terveys ja hyvinvointi",Hyvinvoinnin tutkimuksen yhteisö,Monitieteinen aivotutkimus,205717,480000,480000,685717,rahoittaja_korvaa,5/28/2020,9/1/2020,8/31/2024,9/1/2020,,2100004936,Ei konsortio,,,,1417/13.00.00.00/2018,332331,"Nousiainen, Johanna","Tanssi, synkronisaatio ja prososiaalinen käyttäytyminen; Toiviainen, Petri - Musiikin, taiteen ja kulttuurin tutkimuksen laitos, Suomen Akatemia (332331), 01.09.2020-31.08.2024, 3A. Käynnissä (julkinen)",Yes,Yes,Hyvinvoinnin tutkimuksen yhteisö; Monitieteinen aivotutkimuskeskus,00/SUOMENAKATEMIA (Suomen Akatemia),,,YH Yhteisrahoitteinen,22 - Muu tutkimus,
7921631,6A. Arkistoitavien aineistojen kokoaminen (julkinen),Yes,jyu_project,"Richardson, Ulla",,Professori,Soveltavan kielentutkimuksen keskus,,Humanistis-yhteiskuntatieteellinen tiedekunta,Fondation Botnar,Muu ulkomainen organisaatio tai yhteisö,Muut (Rahoitusohjelmat),"The digital environment, GraphoLearn, for supporting reading","The digital environment, GraphoLearn, for supporting reading","The digital environment, GraphoLearn, fo",,AllRead,,"Oppiminen, opetus ja vuorovaikutus",Hyvinvoinnin tutkimuksen yhteisö; Soveltava kielentutkimus (profilointiala),Monitieteinen aivotutkimus,0,774118,774118,774118,rahoittaja_korvaa,9/1/2017,9/1/2017,7/31/2022,9/1/2017,12/31/2022,2100004002,"Konsortio, JYU on koordinaattori",Yes,Universität Zürich,,1047/04.04.01.00/2017,6066,"Julin, Satu","The digital environment, GraphoLearn, for supporting reading (AllRead); Richardson, Ulla - Soveltavan kielentutkimuksen keskus, Fondation Botnar (6066), 01.09.2017-31.07.2022, 6A. Arkistoitavien aineistojen kokoaminen (julkinen)",No value,No value,"Hyvinvoinnin tutkimuksen yhteisö; Monitieteinen aivotutkimuskeskus; Opettajien koulutuksen tutkimus (opetus, oppiminen, opettajuus, oppimispolut, koulutus); Soveltava kielentutkimus (profilointiala)","00/ULKOM_RAH_ei EU (Ulkomaiset rahastot ja säätiöt, ei EU)",,,YH Yhteisrahoitteinen,22 - Muu tutkimus,
156840914,3A. Käynnissä (julkinen),Yes,jyu_project,"Xu, Weiyong",,tohtoriopiskelija,Psykologian laitos,,Kasvatustieteiden ja psykologian tiedekunta,Suomen Akatemia,Suomen Akatemia,"Tutkijatohtori, SA (Suomen Akatemia)",The reorganization of memory representations during rest and sleep,Muistiedustumien muokkautuminen levon ja unen aikana,Muistiedustumien muokkautuminen levon ja,,,,"Oppiminen, opetus ja vuorovaikutus","Aivojen muutokset elinkaaren aikana; Hyvinvoinnin tutkimuksen yhteisö; Käyttäytymisen muutos, hyvinvointi ja terveys elämänkulussa",,100691,234782,234782,335473,rahoittaja_korvaa,5/4/2022,9/1/2022,8/31/2025,9/1/2022,,2100005651,Ei konsortio,,,,1315/13.00.00.00/2022,348989,"Kokkila, Pauliina","Muistiedustumien muokkautuminen levon ja unen aikana; Xu, Weiyong - Psykologian laitos, Suomen Akatemia (348989), 01.09.2022-31.08.2025, 3A. Käynnissä (julkinen)",Yes,No,"Aivojen muutokset elinkaaren aikana; Hyvinvoinnin tutkimuksen yhteisö; Käyttäytymisen muutos, hyvinvointi ja terveys elämänkulussa; Psykologia",00/SUOMENAKATEMIA (Suomen Akatemia),,,YH Yhteisrahoitteinen,22 - Muu tutkimus,
184110109,3A. Käynnissä (julkinen),Yes,jyu_project,"Luck, Geoffrey",,Yliopistotutkija,"Musiikin, taiteen ja kulttuurin tutkimuksen laitos",,Humanistis-yhteiskuntatieteellinen tiedekunta,Suomen Akatemia,Suomen Akatemia,"Akatemiahanke, SA (Suomen Akatemia)",The Rhythm of Life: Modeling Musical Tempo Across the Lifespan,Elämän rytmi:musiikin tempon mallinnus koko elinkaaren ajan.,Elämän rytmi: Musiikin tempon mallinnus,,,,"Informaatioteknologia ja ihminen tietoyhteiskunnassa; Kieli, kulttuuri ja yhteiskunta; Liikunta, terveys ja hyvinvointi; Luonnon perusilmiöt ja matemaattinen ajattelu; Oppiminen, opetus ja vuorovaikutus","Hyvinvoinnin tutkimuksen yhteisö; Käyttäytymisen muutos, hyvinvointi ja terveys elämänkulussa; Resurssiviisausyhteisö",,202627,472796,472796,675423,rahoittaja_korvaa,5/31/2023,9/1/2023,8/31/2027,9/1/2023,,2100005964,Ei konsortio,,,,1119/13.00.00.00/2023,356841,"Nousiainen, Johanna","Elämän rytmi:musiikin tempon mallinnus koko elinkaaren ajan.; Luck, Geoffrey - Musiikin, taiteen ja kulttuurin tutkimuksen laitos, Suomen Akatemia (356841), 01.09.2023-31.08.2027, 3A. Käynnissä (julkinen)",Yes,No,"Hyvinvoinnin tutkimuksen yhteisö; Informaatioteknologia ja ihminen tietoyhteiskunnassa; Käyttäytymisen muutos, hyvinvointi ja terveys elämänkulussa; Liikunta, terveys ja hyvinvointi; Monitieteinen aivotutkimuskeskus; Musiikkitiede; Resurssiviisausyhteisö",00/SUOMENAKATEMIA (Suomen Akatemia),,,YH Yhteisrahoitteinen,22 - Muu tutkimus,
33484530,6A. Arkistoitavien aineistojen kokoaminen (julkinen),Yes,jyu_project,"Pettersson, Mika",,Professori,Kemian laitos,,Matemaattis-luonnontieteellinen tiedekunta,Jane ja Aatos Erkon säätiö,"Muu ulkopuolinen (kotimaiset rahastot ja säätiöt, yhdistykset, yhteisöt)",Säätiö (Rahoitusohjelmat),Towards graphene-based neuroprosthetics,Kohti grafeenipohjaista neuroprostetiikkaa,Towards graphene-based neuroprosthetics,,GN,,"Liikunta, terveys ja hyvinvointi; Luonnon perusilmiöt ja matemaattinen ajattelu",Hyvinvoinnin tutkimuksen yhteisö; Nanoscience Center,Monitieteinen aivotutkimus,0,450000,450000,450000,rahoittaja_korvaa,9/27/2019,1/1/2020,5/31/2022,1/1/2020,11/28/2022,2100004669,Ei konsortio,,,,1489/13.00.00.00/2019,4829-306F6,"Ikävalko, Tiina","Kohti grafeenipohjaista neuroprostetiikkaa (GN); Pettersson, Mika - Kemian laitos, Jane ja Aatos Erkon säätiö (4829-306F6), 01.01.2020-31.05.2022, 6A. Arkistoitavien aineistojen kokoaminen (julkinen)",No,No,Hyvinvoinnin tutkimuksen yhteisö; Monitieteinen aivotutkimuskeskus; Nanoscience Center,00/KOTIRAHASTOSÄÄTIO (Kotimaiset rahastot ja säätiöt),,,YH Yhteisrahoitteinen,22 - Muu tutkimus,
97578646,6B. Arkistoitavien aineistojen kokoaminen (ei näy portaalissa),No,jyu_project,"Räntilä, Aapo",,Tohtoriopiskelija,Liikuntatieteellinen tiedekunta,,Liikuntatieteellinen tiedekunta,Kuntoutumis- ja liikuntasäätiö Peurunka sr,"Muu ulkopuolinen (kotimaiset rahastot ja säätiöt, yhdistykset, yhteisöt)",Säätiö (Rahoitusohjelmat),Training-Detraining-Retraining (TraDeRe): The time course of individual adaptations to resistance training (1),Harjoitus-Lepo-Harjoitus-projekti: yksilölliset vasteet voimaharjoitteluun harjoittelu toistettaessa.,Yksilölliset vasteet voimaharjoittelussa,The time course of individual adaptations to resistance training,TraDeRe,,"Liikunta, terveys ja hyvinvointi",Fyysinen aktiivisuus eliniän aikana,Monitieteinen aivotutkimus,0,2000,2000,2000,rahoittaja_korvaa,4/1/2021,9/1/2021,6/30/2022,9/1/2021,8/31/2022,2100005193,Ei konsortio,,,,,,"Qvintus, Anneli; Hyvönen, Jonna","Harjoitus-Lepo-Harjoitus-projekti: yksilölliset vasteet voimaharjoitteluun harjoittelu toistettaessa. (TraDeRe); Räntilä, Aapo - Liikuntatieteellinen tiedekunta, Kuntoutumis- ja liikuntasäätiö Peurunka sr, 01.09.2021-30.06.2022, 6B. Arkistoitavien aineistojen kokoaminen (ei näy portaalissa)",Yes,Yes,Biomekaniikka; Fyysinen aktiivisuus eliniän aikana; Liikuntafysiologia; Valmennus- ja testausoppi,00/KOTIRAHASTOSÄÄTIO (Kotimaiset rahastot ja säätiöt),,,YH Yhteisrahoitteinen,21 - Jatkotutkintokoulutus ja siihen liittyvä tutkimus,
97687877,6A. Arkistoitavien aineistojen kokoaminen (julkinen),Yes,jyu_project,"Räntilä, Aapo",,Tohtoriopiskelija,Liikuntatieteellinen tiedekunta,,Liikuntatieteellinen tiedekunta,Urheiluopistosäätiö,"Muu ulkopuolinen (kotimaiset rahastot ja säätiöt, yhdistykset, yhteisöt)",Säätiö (Rahoitusohjelmat),Training-Detraining-Retraining (TraDeRe): The time course of individual adaptations to resistance training (2),Harjoitus-Lepo-Harjoitus-projekti: yksilölliset vasteet voimaharjoitteluun harjoittelu toistettaessa.,Individual Differences in Physiologica R,,,,"Liikunta, terveys ja hyvinvointi",Fyysinen aktiivisuus eliniän aikana,Monitieteinen aivotutkimus,0,4000,4000,4000,rahoittaja_korvaa,3/25/2021,9/1/2021,12/31/2022,9/1/2021,12/31/2022,2100005195,Ei konsortio,,,,756/13.00.00.00/2021,20210045,"Qvintus, Anneli; Hyvönen, Jonna","Harjoitus-Lepo-Harjoitus-projekti: yksilölliset vasteet voimaharjoitteluun harjoittelu toistettaessa.; Räntilä, Aapo - Liikuntatieteellinen tiedekunta, Urheiluopistosäätiö (20210045), 01.09.2021-31.12.2022, 6A. Arkistoitavien aineistojen kokoaminen (julkinen)",Yes,Yes,Biomekaniikka; Fyysinen aktiivisuus eliniän aikana; Liikuntafysiologia; Valmennus- ja testausoppi,00/KOTIRAHASTOSÄÄTIO (Kotimaiset rahastot ja säätiöt),,,YH Yhteisrahoitteinen,21 - Jatkotutkintokoulutus ja siihen liittyvä tutkimus,
47623089,6A. Arkistoitavien aineistojen kokoaminen (julkinen),Yes,jyu_project,"Kykyri, Virpi-Liisa",,Yliopistonlehtori,Psykologian laitos,,Kasvatustieteiden ja psykologian tiedekunta,Työsuojelurahasto,"Muu ulkopuolinen (kotimaiset rahastot ja säätiöt, yhdistykset, yhteisöt)",Muut (Rahoitusohjelmat),Työryhmien etäpalaverien kuormittavuuden vähentäminen ja hyödyllisyyden lisääminen fysiologisten mittareiden avulla,Työryhmien etäpalaverien kuormittavuuden vähentäminen ja hyödyllisyyden lisääminen fysiologisten mittareiden avulla,Työryhmien etäpalaverien kuormittavuuden,,,,"Informaatioteknologia ja ihminen tietoyhteiskunnassa; Liikunta, terveys ja hyvinvointi; Oppiminen, opetus ja vuorovaikutus",Hyvinvoinnin tutkimuksen yhteisö; Monitieteinen oppimisen ja opetuksen tutkimus,Monitieteinen aivotutkimus,51601,70000,70000,121601,rahoittaja_korvaa,12/1/2020,1/4/2021,8/31/2023,1/4/2021,10/31/2023,2100005053,"Konsortio, JYU on koordinaattori",Yes,Oulun yliopisto (OY),"Oulun yliopisto, Center for Machine Vision and Signal Analysis (CMVS) Hakemuksen kokonaisarvo n. 220 000 €, Työsuojelurahaston rahoitusosuus yhteensä n. 150 000 €",1207/13.00.00.00/2020,200337,"Kokkila, Pauliina","Työryhmien etäpalaverien kuormittavuuden vähentäminen ja hyödyllisyyden lisääminen fysiologisten mittareiden avulla; Kykyri, Virpi-Liisa - Psykologian laitos, Työsuojelurahasto (200337), 04.01.2021-31.08.2023, 6A. Arkistoitavien aineistojen kokoaminen (julkinen)",Yes,Yes,Hyvinvoinnin tutkimuksen yhteisö; Monitieteinen aivotutkimuskeskus; Monitieteinen oppimisen ja opetuksen tutkimus; Psykologia,00/KOTIRAHASTOSÄÄTIO (Kotimaiset rahastot ja säätiöt),,Jyväskylän kaupunki,YH Yhteisrahoitteinen,22 - Muu tutkimus,
7316210,6A. Arkistoitavien aineistojen kokoaminen (julkinen),Yes,jyu_project,"Torppa, Minna",,Akatemiatutkija,Opettajankoulutuslaitos,,Kasvatustieteiden ja psykologian tiedekunta,Suomen Akatemia,Suomen Akatemia,"Akatemiatutkijan tutkimuskulut, SA (Suomen Akatemia)",Understanding risk and protective factors in reading development from birth to adulthood: A multifactorial framework,Lukutaidon kehittyminen lapsuudesta aikuisuuteen: riskit ja suojaavat tekijät /II,Lukutaidon kehittyminen lapsuudesta ai/2,,,,"Oppiminen, opetus ja vuorovaikutus",Hyvinvoinnin tutkimuksen yhteisö; Monitieteinen oppimisen ja opetuksen tutkimus,Monitieteinen aivotutkimus,33479,78109,78109,111588,rahoittaja_korvaa,6/13/2017,9/1/2017,12/31/2019,9/1/2017,12/31/2019,2100003919,"Konsortio, JYU osallistuja",No,,,779/13.00.00.00/2017,313768,"Lehtonen, Tiina","Lukutaidon kehittyminen lapsuudesta aikuisuuteen: riskit ja suojaavat tekijät /II; Torppa, Minna - Opettajankoulutuslaitos, Suomen Akatemia (313768), 01.09.2017-31.12.2019, 6A. Arkistoitavien aineistojen kokoaminen (julkinen)",No value,No value,Hyvinvoinnin tutkimuksen yhteisö; Monitieteinen aivotutkimuskeskus; Monitieteinen oppimisen ja opetuksen tutkimus,00/SUOMENAKATEMIA (Suomen Akatemia),,,YH Yhteisrahoitteinen,22 - Muu tutkimus,